active,location_id,location_name,location_name_fr,operated_by,operated_by_fr,city,address,address_fr,postal_code,province,latitude,longitude,region,region_fr,phu_id,PHU,PHU_fr,phone,website,monday,tuesday,wednesday,thursday,friday,after_hours,appointments,walk_ins,drive_through,children_under_2,accessible,saturday,sunday,age_threshold,french_language_services,asl_interpretation,paid_parking,public_transit,additional_information,additional_information_fr,first_nations,free_parking,weeks_pregnant,general_population,holiday_hours,email,temporarily_closed
Yes,1,Kirkland and District Hospital,Kirkland and District Hospital,Kirkland Lake Hospital,Kirkland Hospital,Kirkland Lake,145 Government Road East,145 chemin Government Est,P2N 3P4,ON,48.153552,-80.014725,North,Nord,1,Timiskaming Health Unit,Services de santé du Timiskaming,705-568-2127,,9:00-13:00,9:00-13:00,9:00-13:00,9:00-13:00,9:00-13:00,Yes,Yes,No,Yes,,Yes,,,,,,,,,,,,,,,,
Yes,2,Collingwood Health Centre,Collingwood Health Centre,Georgian Bay Family Health Team and Collingwood General & Marine Hospital,Équipe Santé familiale de la baie Georgienne et Collingwood General & Marine Hospital,Collingwood,186 Erie Street,186 rue Erie,L9Y 4T3,ON,44.501231,-80.204437,Central,Centre,2,Simcoe Muskoka District Health Unit,Bureau de santé publique du district de Simcoe-Muskoka,705-444-5885,www.gbfht.ca/cac ,8:00-18:00,8:00-18:00,8:00-18:00,8:00-18:00,8:00-18:00,,Yes,No,Yes,,Yes,,,0m,No,No,Yes,Yes,"Located in the tent in the parking lot of the Family Health Team, next to the hospital. There is no parking fee if client arrives at their appointment time and is directed through the drive-through. Please call to schedule an appointment","Situé dans la tente dans le stationnement de l’Équipe de Santé Familiale, à côté de l’hôpital.",,,,,,,
Yes,3,Midland Assessment Centre,Midland Assessment Centre,Georgian Bay General Hospital,Hôpital général de la baie Georgienne,Midland,"845 King Street, Unit 3",845 rue King,L4R 0B7,ON,44.734750,-79.870959,Central,Centre,2,Simcoe Muskoka District Health Unit,Bureau de santé publique du district de Simcoe-Muskoka,705-529-1025,http://gbgh.on.ca/covid-19-self-assessment-tool/,8:00-16:00,,8:00-20:00,,8:00-16:00,,Yes,No,No,,Yes,8:00-20:00,,0m,Yes,No,,Yes,Please call to schedule an appointment after completing the self-assessment tool on the hospital's website. Follow signs on windows and directional signs to the entrance. Clients will see a greeter at the door when they pull up into the parking lot. ,,Beausoleil First Nation,Yes,,,,,
Yes,4,Milton District Hospital,Hôpital du district de Milton,Halton Healthcare Services - Milton,Halton Healthcare Services - Milton,Milton,725 Bronte Street South,725 rue Bronte Sud,L9T 9K1,ON,43.497418,-79.868476,Central,Centre,3,Halton Region Health Department,Service de santé de la région d'Halton,905-203-7963,https://www.haltonhealthcare.on.ca/,9:00-16:30,9:00-16:30,9:00-16:30,9:00-16:30,9:00-16:30,,Yes,No,,,,9:00-16:30,9:00-16:30,,,,,,,,,,,,,,
Yes,5,Oakville Trafalgar Memorial Hospital,Oakville Trafalger Memorial Hospital,Halton Healthcare Services - Oakville,Halton Healthcare Services - Oakville,Oakville,3001 Hospital Gate,3001 Hospital Gate,L6M 0L8,ON,43.450869,-79.763927,Central,Centre,3,Halton Region Health Department,Service de santé de la région d'Halton,905-203-7963,https://www.haltonhealthcare.on.ca/,9:00-16:30,9:00-16:30,9:00-16:30,9:00-16:30,9:00-16:30,,Yes,No,,,,9:00-16:30,9:00-16:30,,,,,,,,,,,,,,
Yes,6,Georgetown Hospital,Hôpital de Georgetown,Halton Healthcare Services - Georgetown,Halton Healthcare Services - Georgetown,Georgetown,1 Princess Anne Drive,1 chemin Princess Anne,L7G 2B8,ON,43.644985,-79.933321,Central,Centre,3,Halton Region Health Department,Service de santé de la région d'Halton,905-203-7963,https://www.haltonhealthcare.on.ca/,9:00-16:30,9:00-16:30,9:00-16:30,9:00-16:30,9:00-16:30,,Yes,No,,,,9:00-16:30,9:00-16:30,,,,,,,,,,,,,,
Yes,7,Headwaters Health Care Centre,Headwaters Health Care Centre,Headwaters Health Care Centre,Headwaters Health Care Centre,Orangeville,140 Rolling Hills Drive,140 chemin Rolling Hills,L9W 4X9,ON,43.920672,-80.072222,Central,Centre,4,Wellington-Dufferin-Guelph Health Unit,Bureau de santé publique de Wellington-Dufferin-Guelph,519-822-2715 ext. 7006,https://www.wdgpublichealth.ca/your-health/covid-19-information-public/assessment-centres-wdg,9:00-16:00,9:00-16:00,9:00-16:00,9:00-16:00,9:00-16:00,,,Yes,Yes,,No,9:00-16:00,9:00-16:00,2y,No,No,Yes,Yes,Located in the driveway beside the health care centre.,Situé dans l’entrée à côté du le centre de soins de santé.,,,,,,,
Yes,8,MacKenzie Health,MacKenzie Health,MacKenzie Health,MacKenzie Health,Richmond Hill,10 Trench Street,10 rue Trench ,L4C 4Z3,ON,43.870017,-79.450278,Central,Centre,5,York Region Public Health Services,Service de santé de la région de York,905-883-1212 ext. 2004,https://www.mackenziehealth.ca/en/about-us/get-the-latest-information-on-covid-19.aspx,10:00-21:30,10:00-21:30,10:00-21:30,10:00-21:30,10:00-21:30,,Yes,No,,,,10:00-17:30,10:00-17:30,6m,,,,,,,,,20,,,,
Yes,9,Markham Stouffville Hospital ,Hôpital de Markham-Stouffville,Markham Stouffville Hospital ,Hôpital de Markham-Stouffville,Markham,381 Church Street,381 rue Church,L3P 7P3,ON,43.884138,-79.231961,Central,Centre,5,York Region Public Health Services,Service de santé de la région de York,,https://www.msh.on.ca/about-us/covid-19-information-page#assessment,9:00-19:00,9:00-19:00,9:00-19:00,9:00-19:00,9:00-19:00,,No,Yes,No,,Yes,9:00-19:00,9:00-19:00,0m,No,No,Yes,Yes,"Located in the trailer beside the main building. Park in lot 7 and follow signs across the road to the assessment centre. There are shaded areas to wait, hand sanitizing stations, and washrooms.  ",Situé dans la roulotte directement à côté du bâtiment principal.,,,,,,,
Yes,10,Bracebridge Rotary Centre,Bracebridge Rotary Centre,Muskoka Algonquin Healthcare,Muskoka Algonquin Healthcare,Bracebridge,131 Wellington Street,131 rue Wellington,P1L 1E2,ON,45.037419,-79.318023,Central,Centre,2,Simcoe Muskoka District Health Unit,Bureau de santé publique du district de Simcoe-Muskoka,1-888-383-7009,https://www.mahc.ca/en/services/covid19.aspx#,9:00-17:00,9:00-17:00,9:00-17:00,9:00-17:00,9:00-17:00,,Yes,No,Yes,,Yes,,,0m,No,No,,No,,,Moose Deer Point and Wahta First Nations,Yes,,Yes,,,
Yes,11,Huntsville District Memorial Hospital,Hôpital Memorial du district de Huntsville,Muskoka Algonquin Healthcare,Muskoka Algonquin Healthcare,Huntsville,100 Frank Miller Drive,100 chemin Frank Miller,P1H 1H7,ON,45.339214,-79.205680,Central,Centre,2,Simcoe Muskoka District Health Unit,Bureau de santé publique du district de Simcoe-Muskoka,1-888-383-7009,https://www.mahc.ca/en/services/covid19.aspx#,9:00-17:00,9:00-17:00,9:00-17:00,9:00-17:00,9:00-17:00,,Yes,No,Yes,,Yes,,,0m,No,No,,No,,,Moose Deer Point and Wahta First Nations,Yes,,Yes,,,
Yes,12,Orillia Soldiers' Memorial Hospital,Hôpital Soldiers' Memorial d'Orillial,Orillia Soldiers' Memorial Hospital,Hôpital Soldiers' Memorial d'Orillial,Orillia,170 Colborne Street East,170 rue Colborne Est,L3V 2Z3,ON,44.605137,-79.425686,Central,Centre,2,Simcoe Muskoka District Health Unit,Bureau de santé publique du district de Simcoe-Muskoka,705-325-2201,https://www.osmh.on.ca/covid-19/,11:00-18:30,11:00-18:30,11:00-18:30,11:00-18:30,11:00-18:30,,,Yes,No,,Yes,11:00-14:30,11:00-14:30,0m,No,No,,Yes,Located in the tent in the parking lot. People coming to the center should access Volunteer Drive off of Mississauga Street.,Situé dans la tente dans le stationnement.,Yes - Rama First Nation,Yes,,Yes,,,
Yes,13,Barrie Community Health Centre,Barrie Community Health Centre,Royal Victoria Regional Health Centre,Royal Victoria Regional Health Centre,Barrie,490 Huronia Road,490 chemin Huronia,L4N 6M2,ON,44.347160,-79.665693,Central,Centre,2,Simcoe Muskoka District Health Unit,Bureau de santé publique du district de Simcoe-Muskoka,,https://www.rvh.on.ca/SitePages/coronavirus.aspx,8:00-16:30,8:00-16:30,8:00-16:30,8:00-16:30,8:00-16:30,,,Yes,No,,Yes,9:00-14:00,9:00-14:00,0m,No,No,,Yes,Located in the rear building behind the Huronia Urgent Care Clinic.,Situé dans le bâtiment arrière.,,Yes,,,,,
Yes,14,Southlake Regional Health Centre,Southlake Regional Health Centre,Southlake Regional Health Centre,Southlake Regional Health Centre,Newmarket,596 Davis Drive,596 chemin Davis,L3Y 2P9,ON,44.060427,-79.452114,Central,Centre,5,York Region Public Health Services,Service de santé de la région de York,905-895-4521,https://southlake.ca/covid-19/#assessment-centre,9:00-21:00,9:00-21:00,9:00-21:00,9:00-21:00,9:00-21:00,,No,Yes,No,,Yes,9:00-21:00,9:00-21:00,0m,Yes,Yes,Yes,Yes,"Located in the tent in the parking lot. When you arrive, go to the main entrance of the Emergency Department.","Situé dans la tente dans le stationnement. À votre arrivée, dirigez-vous vers l’entrée principale du service des urgences.",,,,,,,
Yes,15,Stevenson Memorial Hospital,Hôpital Stevenson Memorial,Stevenson Memorial Hospital,Hôpital Stevenson Memorial,Alliston,200 Fletcher Crescent,200 Fletcher Crescent,L9R 1W7,ON,44.155578,-79.875078,Central,Centre,2,Simcoe Muskoka District Health Unit,Bureau de santé publique du district de Simcoe-Muskoka,705-435-6281,http://www.stevensonhospital.ca/news/index.html?id=265,8:00-12:00,,8:00-12:00,,8:00-12:00,,No,Yes,Yes,No,Yes,,,2y,No,No,Yes,No,Drive-through centre located in the back parking lot.,Situé dans le stationnement.,,,,,,,
Yes,16,Trillium Health Partners - Clinical Administrative Building,Trillium Health Partners - Clinical Administrative Building,Trillium Health Partners - Clin Admin Bldg,Trillium Health Partners - Clin Admin Bldg,Mississauga,15 Bronte College Court,15 Bronte College Court,L5B 1M9,ON,43.572542,-79.606440,Central,Centre,6,Peel Public Health,Bureau de santé de la région de Peel,,https://trilliumhealthpartners.ca/covid-19/A/assessment.html#starthere,8:30-19:30,8:30-19:30,8:30-19:30,8:30-19:30,8:30-19:30,,,Yes,No,,Yes,8:30-19:30,8:30-19:30,1y,No,No,,Yes,,,,Yes,,,,,
Yes,17,Credit Valley – Drive-Thru,Hôpital Credit Valley - Drive-Thru,Trillium Health Partners,Trillium Health Partners,Mississauga,2200 Eglinton Avenue West,2200 chemin Eglinton Ouest,L5M 2N1,ON,43.558655,-79.703279,Central,Centre,6,Peel Public Health,Bureau de santé de la région de Peel,,https://trilliumhealthpartners.ca/covid-19/A/assessment.html#starthere,8:30-19:30,8:30-19:30,8:30-19:30,8:30-19:30,8:30-19:30,,,Yes,Yes,Yes,Yes,8:30-19:30,8:30-19:30,1y,Yes,No,,Yes,Drive-through only.,,,Yes,,,,,
Yes,18,Credit Valley Hospital – Valley House,Credit Valley Hospital – Valley House,Trillium Health Partners - Credit Valley Hospital,Trillium Health Partners,Mississauga,2200 Erin Mills Parkway,2200 Erin Mills Parkway,L5M 7S4,ON,43.558255,-79.704256,Central,Centre,6,Peel Public Health,Bureau de santé de la région de Peel,,https://trilliumhealthpartners.ca/covid-19/A/assessment.html#starthere,8:30-19:30,8:30-19:30,8:30-19:30,8:30-19:30,8:30-19:30,,,Yes,No,,No,8:30-19:30,8:30-19:30,1y,Yes,No,,Yes,,,,Yes,,,,,
Yes,19,William Osler Health System - Humber College,William Osler Health System - Humber ,William Osler Health System - Etobicoke,William Osler Health System - Etobicoke,Etobicoke,2 Janda Court,2 Janda Court,M9W 0A4,ON,43.723113,-79.601028,Central,Centre,6,Toronto Public Health,Bureau de santé de Toronto,,https://www.williamoslerhs.ca/patients-and-families/preparing-for-your-visit-or-stay/coronavirus-information-for-patients-families/assessment-centre-for-covid-19,8:00-18:00,8:00-18:00,8:00-18:00,8:00-18:00,8:00-18:00,,No,Yes,Yes,,Yes,8:00-18:00,8:00-18:00,2y,No,No,,Yes,,,,Yes,,,,,
Yes,20,"William Osler Health System - South Fletcher's Sportsplex, Brampton","William Osler Health System - South Fletcher's Sportsplex, Brampton",William Osler Health System,William Osler Health System,Brampton,500 Ray Lawson Boulevard,500 boulevard Ray Lawson,L6W 2Z8,ON,43.652811,-79.735964,Central,Centre,6,Peel Public Health,Bureau de santé de la région de Peel,,https://www.williamoslerhs.ca/patients-and-families/preparing-for-your-visit-or-stay/coronavirus-information-for-patients-families/assessment-centre-for-covid-19,8:00-18:00,8:00-18:00,8:00-18:00,8:00-18:00,8:00-18:00,,No,Yes,Yes,,Yes,8:00-18:00,8:00-18:00,2y,No,No,,Yes,Signs are posted at entry points. Enter off of McLaughlin Road. ,,,Yes,,,,,
Yes,21,Almonte General Hospital,Hôpital général d'Almonte,Almonte General Hospital,Hôpital général d'Almonte,Almonte,75 Spring Drive,75 chemin Spring,K0A 1A0,ON,45.228961,-76.189452,East,Est,7,"Leeds, Grenville and Lanark District Health Unit",Bureau de santé du district de Leeds,613-325-1208,http://www.almontegeneral.com/assessmentcentre,8:00-18:00,8:00-18:00,8:00-18:00,8:00-18:00,8:00-18:00,,Yes,No,Yes,No,Yes,8:00-18:00,8:00-18:00,2y,No,No,,No,Stay in your car. ,Le centre est au coin de la rue Spring et de la rue State dans le bâtiment en briques derrière le service des urgences de l’Hôpital général d’Almonte. ,,Yes,,,,,
Yes,22,Brockville General Hospital,Hôpital général de Brockville,Brockville General Hospital,Hôpital général de Brockville,Brockville,100 Magedoma Blvd,100 boul. Magedoma,K6V 7J5,ON,44.610024,-75.699937,East,Est,7,"Leeds, Grenville and Lanark District Health Unit",Bureau de santé du district de Leeds,613-704-1441,https://www.brockvillegeneralhospital.ca/en/patient-care/covid-19-coronavirus.aspx#,10:00-17:30,10:00-17:30,10:00-17:30,10:00-17:30,10:00-17:30,,No,Yes,No,Yes,Yes,10:00-14:30,10:00-14:30,0m,No,No,,,,,,Yes,,,10:00-15:30,,
Yes,23,Brewer Park Arena,Brewer Park Arena,The Ottawa Hospital and CHEO,L'Hôpital d'Ottawa et CHEO,Ottawa,151 Brewer Way,151 chemin Brewer Way,K1S 5T1,ON,45.389239,-75.690478,East,Est,8,Ottawa Public Health,Bureau de santé publique d'Ottawa,,https://www.ottawapublichealth.ca/en/public-health-topics/novel-coronavirus.aspx,9:00-15:30,9:00-15:30,9:00-15:30,9:00-15:30,9:00-15:30,,No,Yes,No,Yes,Yes,9:00-15:30,9:00-15:30,6m,Yes,No,,Yes,Follow the signage for parking. Enter from Bronson Avenue.,,,Yes,,,,,
Yes,24,Cornwall COVID-19 Assessment Centre,Cornwall - Centre d’évaluation pour la COVID-19,Cornwall Community Hospital,Hôpital communautaire de Cornwall,Cornwall,850 McConnell Avenue,850 avenue McConnell,K6H 4M3,ON,45.030101,-74.717964,East,Est,9,Eastern Ontario Health Unit,Bureau de santé de l'est de l'Ontario,613-935-7762,https://eohu.ca/en/covid/covid-19-testing-assessment-centres    ,8:30-15:30,8:30-15:30,8:30-15:30,8:30-15:30,8:30-15:30,,Yes,No,No,No,Yes,,,2y,Yes,No,,Yes,"Park in a designated area in the Emergency Lot, arrive at the exact time of your appointment (not earlier), bring only a healthcard and mask, parking is free, wait outside and someone will greet you at the door.",,,Yes,,,,,
Yes,25,Akausivik Inuit Family Health Team - COVID-19 Assessment Centre ,Akausivik Inuit Family Health Team -Centre d'èvaluation de la COVID-19 ,Akausivik Inuit Family Health Team Assessment Centre provides culturally specific services for Inuit (please call first),Akausivik Inuit Family Health Team Assessment Centre provides culturally specific services for Inuit (please call first),Ottawa,"24 Selkirk Street, Suite 300",24 rue Selkirk,K1L 0A4,ON,45.431716,-75.667688,East,Est,8,Ottawa Public Health,Bureau de santé publique d'Ottawa,613-740-0999,https://eohu.ca/en/covid-19-novel-coronavirus,9:00-17:00,9:00-17:00,9:00-17:00,9:00-17:00,9:00-17:00,,,,,,,,,0m,,,,,,,Inuit,,,,,generalinfo@aifht.ca,
Yes,26,Haliburton Highlands Health Services,Haliburton Highlands Health Services,Haliburton Highlands Health Services,Haliburton Highlands Health Services,Haliburton,7217 Gelert Road,7217 chemin Gelert,K0M 1S0,ON,45.039054,-78.528165,East,Est,10,"Haliburton, Kawartha, Pine Ridge District Health Unit",Bureau de santé du district d'Haliburton-Kawartha-Pine Ridge ,"705-457-1212, ext. 6",https://www.haliburtoncares.ca/,9:00-13:00,9:00-13:00,,9:00-13:00,9:00-13:00,,Yes,No,Yes,,Yes,,,2y,No,No,,Yes,"Located in the parking lot of the Haliburton Family Medical Centre. Enter from Haliburton County Road 21, on the roadway beside the high school. Patients under 2 years will be deferred to the Emergency dDepartment. Patients between 2 and 18 will be reviewed with the assessment centre physician before booking an appointment.","Situé dans le stationnement du Haliburton Family Medical Centre. Entrez à partir de la route de comté 21 à Haliburton, sur la voie d’accès derrière l’école secondaire.",,Yes,,,,,
Yes,27,Hawkesbury and District General Hospital  - Children Rehab Clinic,Hawkesbury and District General Hospital  - Children Rehab Clinic,Hawkesbury and District General Hospital ,Hôpital Général de Hawkesbury,Hawkesbury,750 Laurier Street,750 rue Laurier,K6A 3N9,ON,45.603834,-74.598607,East,Est,9,Eastern Ontario Health Unit,Bureau de santé de l'est de l'Ontario,1-800-267-7120 ,https://eohu.ca/en/covid/covid-19-testing-assessment-centres,9:00-17:00,9:00-17:00,9:00-17:00,9:00-17:00,9:00-17:00,,No,Yes,No,No,Yes,,,2y,Yes,Yes,,No,Vulnerable clients and clients with cancer can get tested before opening times.,,,Yes,,,,,
Yes,28,Casselman COVID-19 Assessment Centre,Casselman - Centre d’évaluation pour la COVID-19,Eastern Ontario Health Unit - Casselman office ,Eastern Ontario Health Unit - Casselman office ,Casselman,872 Principale Street,872 rue Principale,K0A 1M0,ON,45.321488,-75.106032,East,Est,9,Eastern Ontario Health Unit,Bureau de santé de l'est de l'Ontario,1-800-267-7120,https://eohu.ca/en/covid/covid-19-testing-assessment-centres,9:00-15:00,9:00-15:00,9:00-15:00,9:00-15:00,9:00-15:00,,No,Yes,Yes,,Yes,,,1y,Yes,No,,No,,,,Yes,,,Closed ,,
Yes,29,Rockland COVID-19 Assessment Centre,Rockland - Centre d’évaluation pour la COVID-19,Clarence-Rockland Family Health Team Office,Équipe de santé familiale Clarence-Rockland,Rockland,2741 Chamberland Street,2741 Chemin Chamberland,K4K 0B4,ON,45.544511,-75.301242,East,Est,9,Eastern Ontario Health Unit,Bureau de santé de l'est de l'Ontario,1-800-267-7120 ,https://eohu.ca/en/covid/covid-19-testing-assessment-centres,9:00-15:00,9:00-15:00,9:00-15:00,9:00-15:00,9:00-15:00,,Yes,No,,No,,9:00-15:00,,2y,,,,,,,,,,,,,
Yes,30,Hôpital Montfort - Heron Location,Hôpital Montfort - Heron Location,Hôpital Montfort,Hôpital Montfort,Ottawa,1485 Heron Road,1485 chemin Heron,K1V 6A6,ON,45.380420,-75.654826,East,Est,8,Ottawa Public Health,Bureau de santé publique d'Ottawa,613-746-4621,https://hopitalmontfort.com/en/second-covid-19-care-clinic-opening-ottawa-east-thursday,9:00-15:30,9:00-15:30,9:00-15:30,9:00-15:30,9:00-15:30,,,Yes,No,,Yes,,,2y,Yes,No,,Yes,,,,Yes,,,Closed ,,
Yes,31,Kingston - Leon's Centre,,Kingston Health Sciences Centre,Kingston Health Sciences Centre,Kingston,1 Tragically Hip Way,,K7K 0B4,ON,44.233467,-76.479588,East,Est,11,"Kingston, Frontenac and Lennox & Addington Health Unit",Bureau de santé de Kingston,,https://www.kflaph.ca/Modules/News/index.aspx?newsId=ac53feb2-35a4-4a09-bd86-dd7c62755eaa,9:00-16:00,9:00-16:00,9:00-16:00,9:00-16:00,9:00-16:00,,,Yes,No,,Yes,9:00-16:00,9:00-16:00,6m,Yes,No,Yes,Yes,Enter through Gate 2 and look for bright green signs. ,,,,,,,,
Yes,32,Lakeridge Health - Oshawa,Lakeridge Health - Oshawa,Lakeridge Health,Lakeridge Health,Oshawa,1 Hospital Court,1 Hospital Court,L1G 2B9,ON,43.905529,-78.869215,East,Est,12,Durham Region Health Department,Service de santé de la région de Durham,,https://www.lakeridgehealth.on.ca/,8:00-20:00,8:00-20:00,8:00-20:00,8:00-16:00,8:00-16:00,,Yes,No,No,,Yes,,8:00-16:00,0m,Yes,Yes,Yes,Yes,"Please complete the online registration form. Patients will be called or emailed with an appointment time. Yes there is a separate entrance leading into the Hospital, the clinic is located right near that entrance so no other population can access.  Parking is free for the first 30 minutes. We have interpretation services for most languages.  We also have swabbed patients in their cars if it is warranted.",,,,,,,,
Yes,33,Lakeridge Health - Ajax Pickering,Lakeridge Health - Ajax Pickering,Lakeridge Health,Lakeridge Health,Ajax,580 Harwood Avenue South,580 avenue Harwood Sud,L1S 2J4,ON,43.836799,-79.017114,East,Est,12,Durham Region Health Department,Service de santé de la région de Durham,,https://www.lakeridgehealth.on.ca/,8:00-18:00,8:00-18:00,8:00-18:00,8:00-18:00,8:00-18:00,,Yes,No,No,No,Yes,8:00-16:00,,18y,No,No,,Yes,Please complete the online registration form. Patients will be called or emailed with an appointment time. Separate building on hospital property.,,,Yes,,,,,
Yes,34,Lennox and Addington County General Hospital,Hôpital général du comté de Lennox and Addington,Lennox and Addington County General Hospital,Hôpital général du comté de Lennox and Addingtonl,Napanee,310 Bridge Street West,310 rue Bridge Ouest,K7R 2Z4,ON,44.239028,-76.969627,East,Est,11,"Kingston, Frontenac and Lennox & Addington Health Unit",Bureau de santé de Kingston,613-354-8254 ,http://web.lacgh.napanee.on.ca/en/newsroom?newsid=84,9:00-15:00,9:00-15:00,9:00-15:00,9:00-15:00,9:00-15:00,,Yes,Yes,Yes,,Yes,9:00-15:00,9:00-15:00,0m,No,No,,Yes,Appointments are preferred but walk-ins are accepted. Drive-through only. ,,,Yes,,,,,
Yes,35,Akwesasne COVID-19 Assessment Centre,Akwesasne - Centre d’évaluation pour la COVID-19,Mohawk Council of Akwesasne Department of Health ,Mohawk Council of Akwesasne Department of Health ,Akwesasne,31 Hilltop Drive,31 chemin Hilltop,H0M 1A0,QC,44.999832,-74.654378,East,Est,9,Eastern Ontario Health Unit,Bureau de santé de l'est de l'Ontario,613-575-5005 ext. 3704 or 613-575-2331 ext. 3702,http://www.akwesasne.ca/covid-19-novel-coronavirus-information/,8:00-16:00,8:00-16:00,8:00-16:00,8:00-16:00,8:00-16:00,,Yes,No,Yes,No,Yes,,,2y,,,,,,,Akwesasronon,,,No,,,
Yes,36,North Hastings COVID-19 Assessment Center,North Hastings COVID-19 Assessment Center,Quinte Healthcare Corporation,Quinte Healthcare Corporation,Bancroft,1 Manor Lane,1 Manor Lane,K0L 1C0,ON,45.055092,-77.864208,East,Est,13,Hastings and Prince Edward Counties Health Unit,Bureau de santé des comtès d'Hastings et de Prince Edward,613-332-2825 ext 6222,,10:00-18:00,10:00-18:00,10:00-18:00,10:00-18:00,10:00-18:00,,Yes,No,Yes,,Yes,,,0m,Yes,No,,No,"Follow the signs, drive through into the tent, have those being assessed or tested on the driver's side of the vehicle if possible, park and turn off the car with the windows between the two tables under the tent. Phone or text your phone number to us and we will call you back to book a time. You must have an appointment so we can ensure patient safety, confidentiality and physical distancing. ",,,Yes,,,,,
Yes,37,Perth and Smiths Falls District Hospital - Smiths Falls Site,Hôpital du district de Perth et de Smiths Falls - Smiths Falls Site,Perth and Smiths Falls District Hospital ,Hôpital du district de Perth et de Smiths Falls ,Smiths Falls,60 Cornelia Street West,60 rue Cornelia Ouest,K7A 2H9,ON,44.907454,-76.027508,East,Est,7,"Leeds, Grenville and Lanark District Health Unit","""Leeds, Grenville et Lanark""",613-283-2330 ext. 1401,https://psfdh.on.ca/2020/04/03/community-assessment-centre/,8:00-18:00,8:00-18:00,8:00-18:00,8:00-18:00,8:00-18:00,,Yes,No,,No,,10:00-16:00,10:00-16:00,0m,,,,,Located at the Smiths Falls site of the Perth and Smiths Falls District Hospital at the main entrance on Elmsley Street North. Drive up to the main entrance and stay in your car while an in-car assessment is done.,Situé à l’emplacement de Smiths Falls de l’Hôpital du district de Perth et de Smiths Falls à l’entrée principale sur la rue Elmsley Nord. Les patients conduiront leur véhicule jusqu’à l’entrée principale et y demeureront pendant qu’une évaluation sera réalisée.,,,,,10:00-16:00 ,,
Yes,38,Prince Edward County Community Centre,Centre communautaire Prince Edward County,Prince Edward County Covid-19 Assessment Centre,Centre d'èvaluation de la COVID-19 Prince Edward,Picton,375 Main Street,375 rue Main,K0K 2T0,ON,44.008797,-77.139402,East,Est,13,Hastings and Prince Edward Counties Health Unit,Bureau de santé des comtès d'Hastings et de Prince Edward,613-813-6864,https://hpepublichealth.ca/the-novel-coronavirus-2019ncov/,9:00-17:00,9:00-17:00,9:00-17:00,9:00-17:00,9:00-17:00,,Yes,No,Yes,,Yes,,,0m,No,No,,No,You will be directed to drive into the large tent. Stay in your car for the assessment.,On vous dirigera dans la grande tente à bord votre véhicule et vous y resterez pour l’évaluation.,,Yes,,,,,
Yes,39,Queensway Carleton Hospital - D. Aubrey Moodie School,Queensway Carleton Hospital - École D. Aubrey Moodie,Queensway Carleton Hospital,Queensway Carleton Hospital,Ottawa,595 Moodie Drive,595 chemin Moodie,K2H 8A8,ON,45.310814,-75.825601,East,Est,8,Ottawa Public Health,Bureau de santé publique d'Ottawa,,https://www.ottawapublichealth.ca/en/shared-content/assessment-centres.aspx,9:00-15:30,9:00-15:30,9:00-15:30,9:00-15:30,9:00-15:30,,,Yes,,No,,,,2y,Yes,,,,,,,,,,9:00-15:30,,
Yes,40,Quinte Healthcare - Quinte Secondary School,Quinte Healthcare - École secondaire Quinte,Quinte Healthcare,Quinte Healthcare,Belleville,45 College St. West,45 rue College Ouest,K8P 2G3,ON,44.175310,-77.393179,East,Est,13,Hastings and Prince Edward Counties Health Unit,Bureau de santé des comtès d'Hastings et de Prince Edward,613-961-5544,https://hpepublichealth.ca/the-novel-coronavirus-2019ncov/,9:00-17:00,9:00-17:00,9:00-17:00,9:00-17:00,9:00-17:00,,Yes,No,Yes,,Yes,9:00-17:00,9:00-17:00,0m,Yes,No,,No, Stay in your car.,On vous demandera de rester dans votre voiture.,,Yes,,,,,
Yes,41,Quinte West COVID-19 Assessment Centre,Centre d'èvaluation de la COVID-19 Quinte Ouest,Quinte Healthcare,Quinte Healthcare,Trenton,8 Couch Crescent,8 crescent Couch,K8V 5S6,ON,44.102899,-77.569555,East,Est,13,Hastings and Prince Edward Counties Health Unit,Bureau de santé des comtès d'Hastings et de Prince Edward,613-961-5544,https://hpepublichealth.ca/the-novel-coronavirus-2019ncov/,9:00-17:00,9:00-17:00,9:00-17:00,9:00-17:00,9:00-17:00,,Yes,No,Yes,,Yes,9:00-17:00,9:00-17:00,0m,Yes,No,,No,"Follow the signs, drive through into the tent, have those being assessed or tested on the driver's side of the vehicle if possible, park and turn off the car with the windows between the two tables under the tent. Phone or text your phone number to us and we will call you back to book a time. You must have an appointment so we can ensure patient safety, confidentiality and physical distancing. ",,,Yes,,,,,
,42,Cobden Arena,Cobden Arena,Arnprior Regional Health,Arnprior Regional Health,Cobden,43 Astrolabe Road,43 rue Astrolabe,K0J 1K0,ON,45.623129,-76.879507,East,Est,14,Renfrew County and District Health Unit,Bureau de santé du comtè de Renfrew et du district,1-844-727-6404,https://rcvtac.ca/,9:00-11:00,,,,9:00-11:00,,Yes,Yes,Yes,,Yes,,,2y,No,No,,No,We do not have a physical site for testing - we do it through drive through testing sites or we go on site in various locations to do testing (ie retirement homes) as needed.  To date our approach to testing has proven to be very efficient and effective.,,,,,,,,Yes
,43,Civic Centre,Civic Centre,Arnprior Regional Health,Arnprior Regional Health,Petawawa,16 Civic Centre Road,16 rue Civic Centre,K8H 3H5,ON,45.894435,-77.259937,East,Est,14,Renfrew County and District Health Unit,Bureau de santé du comtè de Renfrew et du district,1-844-727-6404,https://rcvtac.ca/,,,,,9:00-11:00,,Yes,,,,,,,,,,,,,,,,,,,,Yes
Yes,44,Pembroke Assessment Centre,Pembroke Assessment Centre,Arnprior Regional Health,Arnprior Regional Health,Pembroke,7 International Drive,7 allée International,K8A 6W5,ON,45.800448,-77.116602,East,Est,14,Renfrew County and District Health Unit,Bureau de santé du comtè de Renfrew et du district,1-844-727-6404,https://rcvtac.ca/,,,9:00-11:00,,,,Yes,,,,,,,,,,,,,,,,,,,,
Yes,45,Deep River Arena,Deep River Arena,Arnprior Regional Health,Arnprior Regional Health,Deep River,2 Club House Road,2 rue Club House,K0J 1P0,ON,46.095052,-77.485164,East,Est,14,Renfrew County and District Health Unit,Bureau de santé du comtè de Renfrew et du district,1-844-727-6404,https://rcvtac.ca/,,,,,9:00-11:00,,Yes,,,,,,,,,,,,No restrictions. Two areas of focus - patients without a family physiciann or cannot reach their family physician and those with potential COVID.,,,,,,,,
Yes,46,Nick Smith Centre / Renfrew County Virtual Triage and Assessment Centre,Nick Smith Centre / Renfrew County Virtual Triage and Assessment Centre,Arnprior Regional Health,Arnprior Regional Health,Arnprior,153 McLean Avenue,153 McLean Avenue,K75 3TI,ON,45.425570,-76.356357,East,Est,14,Renfrew County and District Health Unit,Bureau de santé du comtè de Renfrew et du district,1-844-727-6404,https://rcvtac.ca/,,9:00-11:00,,,,,Yes,,,,,,,,,,,,The hours for this center vary. Please visit the centre's website for current hours. ,,,,,,,,
Yes,47,Eganville Community Arena,Eganville Community Arena,Arnprior Regional Health,Arnprior Regional Health,Eganville,178 Jane Street,178 rue Jane,K0J 1T0,ON,45.541852,-77.105656,East,Est,14,Renfrew County and District Health Unit,Bureau de santé du comtè de Renfrew et du district,1-844-727-6404,https://rcvtac.ca/,,,,,14:00-16:00,,Yes,,,,,,,,,,,,,,,,,,,,
Yes,48,Ma-te-way Park,Ma-te-way Park,Arnprior Regional Health,Arnprior Regional Health,Renfrew,1 Ma Te Way Park Drive,1 allée Ma Te Way Park,K7V 2T5,ON,45.465465,-76.694201,East,Est,14,Renfrew County and District Health Unit,Bureau de santé du comtè de Renfrew et du district,1-844-727-6404,https://rcvtac.ca/,,14:00-16:00,,,,,Yes,,,,,,,,,,,,,,,,,,,,
,49,Paul J Yakabuski Community Centre / Renfrew County Virtual Triage and Assessment Centre,Paul J Yakabuski Community Centre / Renfrew County Virtual Triage and Assessment Centre,Arnprior Regional Health,Arnprior Regional Health,Barry's Bay,65 Arena Road,65 rue Arena,K0J 1B0,ON,45.486426,-77.668443,East,Est,14,Renfrew County and District Health Unit,Bureau de santé du comtè de Renfrew et du district,1-844-727-6404,https://rcvtac.ca/,,,,,14:00-16:00 ,,Yes,,,,,,,,,,,,,,,,,,,,Yes
Yes,50,RMH COVID-19 Assessment Centre,RMH COVID-19 Assessment Centre,Ross Memorial Hospital,Hôpital Ross Memorial,Lindsay,10 Angeline Street North,10 rue Angeline Nord,K9V 4M8,ON,44.352402,-78.751362,East,Est,10,"Haliburton, Kawartha, Pine Ridge District Health Unit",Bureau de santé du district d'Haliburton-Kawartha-Pine Ridge,705-328-6217,https://www.rmh.org/covid-19,9:30-17:30,9:30-17:30,9:30-17:30,9:30-17:30,9:30-17:30,,No,Yes,Yes,,Yes,,,12y,No,No,Yes,Yes,"Use the Kent Street entrance. For children under 12, use the Emergency Department.",,,,,,,,
Yes,51,Trent Hills COVID19 Assessment Centre,Centre d'èvaluation de la COVID-19 de Trent Hills,Trent Hills Family Health Team + Northumberland County Ambulance & Paramedic Services,Trent Hills Family Health Team + Northumberland County Ambulance & Paramedic Services,Campbellford,179 Saskatoon Avenue,179 avenue Saskatoon,K0L 1L0,ON,44.302770,-77.799495,East,Est,10,"Haliburton, Kawartha, Pine Ridge District Health Unit",Bureau de santé du district d'Haliburton-Kawartha-Pine Ridge,705-395-1801,https://www.thfht.com/wp-content/uploads/2020/05/PRESS-RELEASE-May-25-2020-AC-Final.pdf,9:00-17:00,9:00-17:00,9:00-17:00,9:00-17:00,9:00-17:00,,Yes,No,Yes,,Yes,,,6m,No,No,,No,Single entrance in stand-alone building. Clients must wait in their cars until staff come out to provide a registration form and check ID. Clients must wear masks and come alone if possible. ,,,Yes,,,,,
Yes,52,Winchester COVID-19 Assessment Centre,Winchester - Centre d’évaluation pour la COVID-19,Lions Club Hall,Salle du Club Lions,Winchester,515 Albert Street,515 rue Albert,K0C 2K0,ON,45.092745,-75.350378,East,Est,9,Eastern Ontario Health Unit,Bureau de santé de l'est de l'Ontario,1-800-267-7120 ,https://eohu.ca/en/covid/covid-19-testing-assessment-centres,12:00-18:00,12:00-18:00,12:00-18:00,12:00-18:00,12:00-18:00,,,,,,,,,,,,,,,,,,,,,,
Yes,53,Kinsmen Civic Centre,Kinsmen Civic Centre,Peterborough Public Health,Bureau de santé du Peterborough,Peterborough,1 Kinsmen Way,1 chemin Kinsmen,K9J 5Y6,ON,44.293856,-78.342428,East,Est,15,Peterborough Public Health,Bureau de santé du Peterborough,705-743-1000,https://www.peterboroughpublichealth.ca/your-health/diseases-infections-immunization/diseases-and-infections/novel-coronavirus-2019-ncov/#tested,10:00-17:30,10:00-17:30,10:00-17:30,10:00-17:30,10:00-17:30,,No,Yes,Yes,,Yes,,,,,,,,,,,,,,,,
Yes,54,COVID-19 Assessment Centre at PRHC,COVID-19 Assessment Centre at PRHC,Peterborough Regional Health Centre,Peterborough Regional Health Centre,Peterborough,1 Hospital Drive,1 chemin Hospital,K9J 7C6,ON,44.300025,-78.347609,East,Est,15,Peterborough Public Health,Bureau de santé du Peterborough,705-876-5086,https://www.prhc.on.ca/articles/default-category/207/covid-19-assessment-centre-at-prhc-now-available-by-calling-directly,8:00-16:00,8:00-16:00,8:00-16:00,8:00-16:00,8:00-16:00,,Yes,No,No,,No,8:00-16:00,8:00-16:00,1y,No,No,,Yes,Located in the mobile unit on the west side of the hospital. ,Situé dans l'unité mobile du côté ouest de l’hôpital.,,Yes,,,,,
Yes,55,Northumberland Hills Hospital ,Hôpital du Northumberland Hills,Northumberland Hills Hospital ,Hôpital du Northumberland Hills,Cobourg,1000 Depalma Drive,1000 chemin Depalma,K9A 5W6,ON,43.976426,-78.202208,East,Est,10,"Haliburton, Kawartha, Pine Ridge District Health Unit",Bureau de santé du district d'Haliburton-Kawartha-Pine Ridge,905-377-7783,,8:00-16:00,8:00-16:00,8:00-16:00,8:00-16:00,8:00-16:00,,Yes,Yes,No,Yes,Yes,8:00-16:00,8:00-16:00,1y,Yes,Yes,Yes,Yes,Covid Clinic and ER share the same entrance. Covid clinic patients exit through a separate door. Patients are asked to wear a mask during their visit and are given a HKPR Public Health information sheet before they leave. All under that age of 12 are seen in ER for assessment and swabbing. The clinic will look up and report negative results to patients that are unable to retrieve results on their own.,,,,,,Closed ,,
Yes,56,Atikokan Family Health Team,Équipe santé familiale d'Atikokan,Atikokan Family Health Team,Équipe santé familiale d'Atikokan,Atikokan,101 Zuke Road,101 chemin Zuke,P0T 1C0,ON,48.753128,-91.600594,North,Nord,16,Northwestern Health Unit,Bureau de santé publique du Nord-Ouest,807-597-8781 ext 0,https://atikokanfht.com/,9:00-16:00,9:00-16:00,9:00-16:00,9:00-16:00,9:00-16:00,Yes,Yes,No,Yes,,Yes,,,0m,No,No,,Yes,Located at the side entrance under the canopy. Stay in your car.  You will be directed into the accessible building if you need an in-person assessment. ,,,Yes,,,,,
Yes,57,Hearst COVID-19 Assessment Centre,Centre d'èvaluation de la COVID-19 d'Hearst,Nord-Aski Family Health Team,Équipe santé fmailiale de Nord-Aski,Hearst,1403 Edward Street,1403 rue Edward,P0L 1N0,ON,49.686590,-83.678543,North,Nord,17,Porcupine Health Unit,Bureau de santé publique de Porcupine,705-362-5544,http://www.porcupinehu.on.ca/en/your-health/infectious-diseases/novel-coronavirus/covid-assessment-centres/,,9:00-12:00,,9:00-12:00,,Yes,Yes,No,Yes,,Yes,,,2y,Yes,No,,Yes,Located on the east side of the medical clinic in the parking lot. Call the assessment centre for an appointment if you do not have symptoms. Call your local public health unit or family doctor if you have symptoms.,,,Yes,,,,,
Yes,58,Chapleau Health Services,Services de santé de Chapleau,Chapleau Family Health Team,Services de santé de Chapleaus,Chapleau,2 Broomhead Road,6 chemin Broomhead,P0M 1K0,ON,47.841198,-83.414963,North,Nord,18,Sudbury and District Health Unit,Bureau de santé publique de Sudbury et district,705-864-2568,https://www.sschs.ca/general/home.html,12:00-16:00,12:00-16:00,12:00-16:00,12:00-16:00,9:00-13:00,Yes,Yes,No,Yes,,Yes,,,0m,Yes,No,,Yes,Directions are provided during appointment booking.,,,Yes,,,,,
Yes,59,NEOMO Medical,NEOMO Medical,NEOMO Medical,NEOMO Medical,Sudbury,885 Prete Street,885 rue Prete,P3E 3X9,ON,46.473037,-81.006321,North,Nord,18,Sudbury and District Health Unit,Bureau de santé publique de Sudbury et district,705-671-7373,https://www.hsnsudbury.ca/portalen/Patients-and-Visitors/COVID-19/COVID-19-Assessment-Centre,8:00-16:00,8:00-16:00,8:00-16:00,8:00-16:00,8:00-16:00,Yes,Yes,No,Yes,,Yes,8:00-16:00,8:00-16:00,0m,Yes,No,,No,Book your appointment online. Directions are provided during appointment booking. ,,,Yes,,,,,
Yes,60,Primacy Medical Centre,Primacy Medical Centre,Primacy Medical Centre,Primacy Medical Centre,Sudbury,1485 Lasalle Boulevard,1485 boulevard Lasalle ,P3A 1Z8,ON,46.521729,-80.939584,North,Nord,18,Sudbury and District Health Unit,Bureau de santé publique de Sudbury et district,705-671-7373,https://www.hsnsudbury.ca/portalen/Patients-and-Visitors/COVID-19/COVID-19-Assessment-Centre,11:00-19:00,11:00-19:00,11:00-19:00,11:00-19:00,11:00-19:00,Yes,Yes,No,Yes,,Yes,11:00-19:00,11:00-19:00,6m,Yes,No,,Yes,"Located in the parking lot of the Superstore, beside the pharmacy. ",Situé dans le stationnement du Superstore. ,,Yes,,,,,
Yes,61,Health Sciences North - HSNRI Assessment Centre,Horizon Santé-Nord - HSNRI Assessment Centre,Health Sciences North,Horizon Santé-Nord,Sudbury,56 Walford Road,56 chemin Walford,P3E 5J1,ON,46.464346,-81.002008,North,Nord,18,Sudbury and District Health Unit,Bureau de santé publique de Sudbury et district,705-671-7373,https://www.hsnsudbury.ca/portalen/Patients-and-Visitors/COVID-19/COVID-19-Assessment-Centre,9:00-17:00,9:00-17:00,9:00-17:00,9:00-17:00,9:00-17:00,Yes,Yes,No,Yes,,Yes,9:00-17:00,9:00-17:00,2y,Yes,,,,,,,Yes,,,,,
Yes,62,Dingwall Medical Clinic Building ,Dingwall Medical Clinic Building ,Dingwall Medical Clinic Building ,Dingwall Medical Clinic Building ,Dryden ,40 Goodall Street,40 rue Goodall,P8N 2Z6,ON,49.769556,-92.840763,North,Nord,16,Northwestern Health Unit,Bureau de santé publique du Nord-Ouest,1-807-223-3737,http://www.drhc.on.ca/dryden-regional-health-centre-opens/,8:00-12:00&12:30-16:00,8:00-12:00&12:30-16:00,8:00-12:00&12:30-16:00,8:00-12:00&12:30-16:00,8:00-12:00&12:30-16:00,Yes,Yes,No,No,,Yes,,,6m,No,No,Yes,No,Instructions provided when you book your appointment. Use first exterior entrance on the left (old Hearing Centre). Entrance is marked with fluorescent yellow sign.,La première entrée extérieure à gauche (ancien centre d’audiologie).,,,,,,assess@drhc.on.ca.,
Yes,63,Elliot Lake Family Health Team,Quipe santé familiale d'Elliot Lake,Elliot Lake Family Health Team,Quipe santé familiale d'Elliot Lake,Elliot Lake,31 Nova Scotia Walk,31 Nova Scotia Walk,P5A 1Y9,ON,46.385840,-82.649431,North,Nord,18,Sudbury and District Health Unit,Bureau de santé publique de Sudbury et district,705-461-8882,http://www.elfht.com/,8:00-16:00,8:00-16:00,8:00-16:00,8:00-16:00,8:00-16:00,Yes,Yes,No,,,,,,,,,,,,,,,,,,,
Yes,64,Englehart District Hospital,Englehart District Hospital,Englehart District Hospital,Englehart District Hospital,Englehart,63 Fifth Street,63 5e rue,P0J 1H0,ON,47.822706,-79.879251,North,Nord,1,Timiskaming Health Unit,Services de santé du Timiskaming,705-568-2127,http://www.timiskaminghu.com/90484/covid-19,9:00-13:00,9:00-13:00,9:00-13:00,9:00-13:00,9:00-13:00,Yes,Yes,No,Yes,,Yes,,,,,,,,Drive-through at the rear entrance of the building.,Service à l’auto à l’entrée arrière du bâtiment.,,,,,,,
Yes,65,Espanola & Area COVID Mobile Assessment Centre,Centre d'èvaluation de la COVID-19 d'Espanola et région,Espanola Regional Hospital and Health Centre  ,Espanola Regional Hospital and Health Centre,Espanola,825 McKinnon Drive,825 chemin McKinnone,P5E 1R4,ON,46.248923,-81.780886,North,Nord,18,Sudbury and District Health Unit,Bureau de santé publique de Sudbury et district,705-869-1420 ext. 4500,http://www.espanolaregionalhospital.ca/covid-19,8:00-16:00,8:00-16:00,8:00-16:00,8:00-16:00,8:00-16:00,Yes,Yes,No,Yes,,Yes,,,0m,Yes,No,,No,Drive-through only.,,,Yes,,,,,
Yes,66,Geraldton District Hospital / Greenstone Family Health Team Northern Horizon Health Centre,Hôpital du district de Geraldton District Hospital / Greenstone Family Health Team Northern Horizon Health Centre,Geraldton District Hospital,Hôpital du district de Geraldton District Hospital,Geraldton,510 Hogarth Avenue,510 avenue Hogarth,P0T 1M0,ON,49.723382,-86.956970,North,Nord,19,Thunder Bay District Health Unit,Bureau de santé du district de Thunder Bay,807-854-0224,http://www.geraldtondh.com/hospital-triage-area---covid-19,8:00-16:00,8:00-16:00,8:00-16:00,8:00-16:00,8:00-16:00,Yes,Yes,No,Yes,,Yes,,,,,,,,Wait in your car in the designated parking spot.,Les patients doivent attendre dans leur véhicule à l’endroit désigné dans le stationnement.,,,,,,,
Yes,67,Hornepayne Community Hospital,Hôpital communautaire de Hornepayne,Hornepayne Community Hospital,Hôpital communautaire de Hornepayne,Hornepayne,278 Front Street,278 rue Front,P0M 1Z0,ON,49.212129,-84.774749,North,Nord,17,Porcupine Health Unit,Bureau de santé publique de Porcupine,807-868-2442,https://www.porcupinehu.on.ca/en/your-health/infectious-diseases/novel-coronavirus/covid-assessment-centres/,9:30-11:30&1:30-15:30,9:30-11:30&1:30-15:30,9:30-11:30&1:30-15:30,9:30-11:30&1:30-15:30,9:30-11:30&1:30-15:30,Yes,Yes,No,,,,,,,,,,,Located at the front entrance. Someone will meet you at the door.,Situé à l’entrée avant. Quelqu’un viendra vous chercher à la porte.,,,,,,,
Yes,68,Michipicoten Memorial Community Centre,Michipicoten Memorial Community Centre,Lady Dunn Health Centre,Lady Dunn Health Centre,Wawa,3 Chris Simon Drive,3 chemin Chris Simon,P0S 1K0,ON,47.987685,-84.780180,North,Nord,20,Algoma Public Health Unit,Bureau de santé publique d'Algoma,705-856-2244 ext. 244,http://www.algomapublichealth.com/disease-and-illness/infectious-diseases/novel-coronavirus/#assessment,8:30-16:30,8:30-16:30,8:30-16:30,8:30-16:30,8:30-16:30,Yes,Yes,No,,,,,,,,,,,,,,,,,,,
Yes,69,Lake of the Woods District Hospital,Hôpital du district du lac des Bois,Lake of the Woods District Hospital,Hôpital du district du lac des Bois,Kenora,21 Sylvan Street,21 rue Sylvan Ouest,P9N 3W7,ON,49.768091,-94.499429,North,Nord,16,Northwestern Health Unit,Bureau de santé publique du Nord-Ouest,1-807-468-9861 ext 2483,http://www.lwdh.on.ca/,8:00-16:00,8:00-12:00,8:00-12:00,8:00-12:00,8:00-12:00,Yes,Yes,No,Yes,,Yes,,,0m,No,No,,Yes,"Turn onto Nethercutt Drive, turn right onto Wolsley Avenue, and take your first left into the old ambulance garage parking lot (attached to the power plant and laundry facilities).","Tournez sur la promenade Nethercutt, tournez à droite sur l’avenue Wolsley, puis tournez à gauche dans le stationnement de l’ancien garage des ambulances (il est annexé à la centrale électrique et à la buanderie).",,,,,,,
Yes,70,Community Health Services Building,Community Health Services Building,LaVerendrye General Hospital and  Riverside Health Care ,LaVerendrye General Hospital and  Riverside Health Care ,Fort Frances,206 Victoria Avenue,206 avenue Victoria,P9A 2B7,ON,48.607046,-93.392275,North,Nord,16,Northwestern Health Unit,Bureau de santé publique du Nord-Ouest,1-807-274-3261 ext 4913,https://www.riversidehealthcare.ca/,8:00-16:00,8:00-16:00,8:00-16:00,8:00-16:00,8:00-16:00,Yes,Yes,No,Yes,,Yes,As needed,As needed,,,,,,,,,,,,,,
Yes,71,Manitoulin Health Centre,Centre de santé de Manitoulin,Manitoulin Health Centre,Centre de santé de Manitoulin,Little Current,11 Meredith Street East,rue Meredith Est,P0P 1K0,ON,45.979114,-81.926769,North,Nord,18,Sudbury and District Health Unit,Bureau de santé publique de Sudbury et district,705-368-2300,http://www.mhc.on.ca/covid-19,13:00-17:00,13:00-17:00,13:00-17:00,13:00-17:00,13:00-17:00,Yes,Yes,No,No,,Yes,13:00-17:00,13:00-17:00,2y,No,No,,No,In the parking lot of the emergency entrance.,,,Yes,,,,,
Yes,72,Manitoulin Health Centre,Centre de santé de Manitoulin,Manitoulin Health Centre,Centre de santé de Manitoulin,Mindemoya,2120B Hwy 551,2120B Hwy 551,P0P 1S0,ON,45.738205,-82.166694,North,Nord,18,Sudbury and District Health Unit,Bureau de santé publique de Sudbury et district,705-368-2300,http://www.mhc.on.ca/covid-19,13:00-17:00,13:00-17:00,13:00-17:00,13:00-17:00,13:00-17:00,Yes,Yes,No,No,,Yes,13:00-17:00,13:00-17:00,2y,No,No,,No,In the garage behind the emergency department. ,,,Yes,,,,,
Yes,73,Mattawa Hospital,Mattawa Hospital,Mattawa Hospital,Mattawa Hospital,Mattawa,217 Turcotte Park Road,217 chemin Turcotte,P0H 1V0,ON,46.311018,-78.713456,North,Nord,21,North Bay Parry Sound District Health Unit,Bureau de santé du district de North Bay-Parry Sound,705-744-5511 ext 0,https://www.mattawahealth.ca/News/mattawa-assessment-centre,8:00-12:00,,8:00-12:00,,8:00-12:00,,Yes,No,No,,Yes,,,0m,Yes,Yes,,Yes,There is a separate entrance.,,,Yes,,,,,
Yes,74,Anson General Hospital site,Site de l'Hôpital général Anson,MICs Group - Anson General Hospital site,MICs Group - Site de l'Hôpital général Anson,Iroquois Falls,58 Anson Drive,58 chemin Anson,P0K 1E0,ON,48.769108,-80.685429,North,Nord,17,Porcupine Health Unit,Bureau de santé publique de Porcupine,1-888-962-8718,https://www.porcupinehu.on.ca/en/your-health/infectious-diseases/novel-coronavirus/covid-assessment-centres/,9:00-13:00,,,9:00-15:10,,Yes,Yes,No,,,,,,,,,,,,,,,,,,,
Yes,75,The Lady Minto Hospital/Boy Scout Hall,Hôpital Lady Minto/Boy Scout Hall,MICs Group - The Lady Minto Hospital/Boy Scout Hall,MICs Group - Hôpital Lady Mintol/Boy Scout Hall,Cochrane ,438 11th Avenue,428 11e avenue,P0L 1C0,ON,49.071067,-81.017287,North,Nord,17,Porcupine Health Unit,Bureau de santé publique de Porcupine,1-888-962-8718,https://www.porcupinehu.on.ca/en/your-health/infectious-diseases/novel-coronavirus/covid-assessment-centres/,,,9:00-15:00,,,Yes,Yes,No,,,,,,,,,,,,,,,,,,,
Yes,76,Nipigon District Memorial Hospital,Hôpital Memorial du district de Nipigon,Nipigon District Memorial Hospital,Hôpital Memorial du district de Nipigon,Nipigon,125 Hogan Road,125 chemin Hogan,P0T 2J0,ON,49.015611,-88.275905,North,Nord,19,Thunder Bay District Health Unit,Bureau de santé du district de Thunder Bay,807-887-5252,https://www.tbdhu.com/coronavirus,9:00-15:00,9:00-15:00,9:00-15:00,9:00-15:00,9:00-15:00,Yes,Yes,No,,,,,,,,,,,,,,,,,,,
Yes,77,North Bay Regional Health Centre,North Bay Regional Health Centre,North Bay Regional Health Centre,North Bay Regional Health Centre,North Bay,50 College Drive,50 chemin College,P1B 5A4,ON,46.334984,-79.494710,North,Nord,21,North Bay Parry Sound District Health Unit,Bureau de santé du district de North Bay-Parry Sound,705-474-8600 ext 4110,,9:00-17:00,9:00-17:00,9:00-17:00,9:00-17:00,9:00-17:00,Yes,Yes,No,No,,Yes,9:00-17:00,9:00-17:00,0m,Yes,No,,Yes,"There is a separate entrance for COVID-19 testing. Individuals presenting for testing are requested to don a new face mask (provided by the testing centre) requested to clean hands, be seated and remain seated until called into the centre for testing. ",,,Yes,,,,,
Yes,78,North of Superior Health Group - Marathon (Wilson site),North of Superior Health Group - Marathon (Wilson site),North of Superior Health Group - Marathon (Wilson site),North of Superior Health Group - Marathon (Wilson site),Marathon,26 Peninsula Road,26 chemin Peninsula,P0T 2E0,ON,48.718573,-86.375400,North,Nord,19,Thunder Bay District Health Unit,Bureau de santé du district de Thunder Bay,807-625-5900 or 1-888-294-6630,https://www.tbdhu.com/coronavirus,14:00-16:00,14:00-16:00,14:00-16:00,14:00-16:00,14:00-16:00,Yes,Yes,No,Yes,,Yes,,,0m,Yes,No,,Yes,Use main entrance.,,Biigtigong ,Yes,,Yes,,,
Yes,79,North Shore Health Network - Blind River,North Shore Health Network - Blind River,North Shore Health Network - Blind River,North Shore Health Network - Blind River,Blind River,525 Causley Street,525 rue Causley,P0R 1B0,ON,46.187422,-82.924052,North,Nord,20,Algoma Public Health Unit,Bureau de santé publique d'Algoma,705-356-2265 ext. 2661,http://www.algomapublichealth.com/disease-and-illness/infectious-diseases/novel-coronavirus/#assessment,8:00-18:00,8:00-18:00,8:00-18:00,8:00-18:00,8:00-18:00,Yes,Yes,No,Yes,,Yes,8:00-18:00,8:00-18:00,8y,Yes,No,,No,Located in the trailer beside the Emergency Department. Specific directions and instructions are provided by email or over the phone.,Situé dans la roulotte à côté du service des urgences.,,Yes,,,,,
Yes,80,North Shore Health Network - Thessalon,North Shore Health Network - Thessalon,North Shore Health Network - Thessalon,North Shore Health Network - Thessalon,Thessalon,135 Dawson Drive,135 chemin Dawson,P0R 1L0,ON,46.263058,-83.562473,North,Nord,20,Algoma Public Health Unit,Bureau de santé publique d'Algoma,705-356-2265 ext. 2662,http://www.algomapublichealth.com/disease-and-illness/infectious-diseases/novel-coronavirus/#assessment,8:00-16:00,8:00-16:00,8:00-16:00,8:00-16:00,8:00-16:00,Yes,Yes,No,Yes,,Yes,,,8y,Yes,No,,No,Specific directions and instructions are provided by email or over the phone.,,,Yes,,,,,
Yes,81,Rainy River Health Centre ,Rainy River Health Centre ,Riverside Health Care,Riverside Health Care,Rainy River,207 Victoria Avenue,207 avenue Victoria,P9A 2B7,ON,48.607083,-93.393020,North,Nord,16,Northwestern Health Unit,Bureau de santé publique du Nord-Ouest,1-807-274-3261 ext. 4913,https://www.riversidehealthcare.ca/,13:00-15:00,13:00-15:00,13:00-15:00,13:00-15:00,13:00-15:00,Yes,Yes,No,Yes,,Yes,13:00-15:00,13:00-15:00,0m,No,No,,Yes,Located across the street from the hospital. Individuals receive directions and instructions upon calling to book an appointment. ,Situé en face de l’hôpital.,,Yes,,,,,
Yes,82,Red Lake Guardian Pharmacy,Red Lake Guardian Pharmacy,Red Lake Hospital,Red Lake Hospital,Red Lake,51G Hwy 105,51G Hwy 105,P0V 2M0,ON,51.013295,-93.822435,North,Nord,16,Northwestern Health Unit,Bureau de santé publique du Nord-Ouest,1-807-727-7035,https://www.nwhu.on.ca/covid19/Pages/self-assessment.aspx,9:00-14:00,9:00-14:00,9:00-14:00,9:00-14:00,9:00-14:00,,Yes,No,Yes,,Yes,,,0m,Yes,No,,Yes,"Located across the street from the hospital, at the downstairs entrance.","Situé en face de l’hôpital, à l’entrée de l’étage inférieur.",,Yes,,,,,
Yes,83,Santé Manitouwadge Health,Santé Manitouwadge Health,Santé Manitouwadge Health,Santé Manitouwadge Health,Manitouwadge,1 Health Care Crescent,1 Healthcare Crescent,P0T 2C0,ON,49.127701,-85.824681,North,Nord,19,Thunder Bay District Health Unit,Bureau de santé du district de Thunder Bay,807-826-3251 ext 221,https://www.nwhu.on.ca/covid19/Pages/self-assessment.aspx,8:00-19:00,8:00-19:00,8:00-19:00,8:00-19:00,8:00-19:00,Yes,Yes,No,Yes,,Yes,8:00-19:00,8:00-19:00,0m,Yes,No,No,Yes,Entrance is through the ambulance bay at the back of the hospital.,L’entrée se fait par le stationnement pour les ambulances à l’arrière de l’hôpital.,,No,,,,,
Yes,84,Sault Area Hospital / Kal Tire,Hôpital de Sault-Sainte-Marie / Kal Tire,Sault Area Hospital,Hôpital de Sault-Sainte-Marie,Sault Ste. Marie,165 Drive In Road,165 chemin Drive In,P6B 5X5,ON,46.547984,-84.321432,North,Nord,20,Algoma Public Health Unit,Bureau de santé publique d'Algoma,705-759-3434 ext 7152,http://www.algomapublichealth.com/disease-and-illness/infectious-diseases/novel-coronavirus/#assessment,8:00-20:00,8:00-20:00,8:00-20:00,8:00-20:00,8:00-20:00,,Yes,No,Yes,,Yes,8:00-20:00,8:00-20:00,13y,Yes,Yes,,Yes,"Located 1 km away from Sault Area Hospital. Second building on the right after turning onto Drive In Road. For in-car testing, park in the designated space and honk to notify staff of arrival.",Situé à 1 km de l’Hôpital de Sault-Sainte-Marie. Deuxième bâtiment à droite après avoir tourné sur le chemin Drive In.,,Yes,,,,,
Yes,85,Sensenbrenner Hospital / Le Centre des Loisirs,Hôpital Sensenbrenner / Le Centre des Loisirs,Sensenbrenner Hospital,Hôpital Sensenbrenner,Kapuskasing,7 Aurora Avenue,7 avenue Aurora,P5N 1J6,ON,49.419325,-82.429848,North,Nord,17,Porcupine Health Unit,Bureau de santé publique de Porcupine,705-367-4613,https://www.porcupinehu.on.ca/en/your-health/infectious-diseases/novel-coronavirus/covid-assessment-centres/,,9:00-12:00,,,9:00-12:00,Yes,Yes,No,No,,Yes,,,0m,Yes,No,,No,,,,Yes,,,,,
Yes,86,Meno Ya Win Health Centre,Meno Ya Win Health Centre,Sioux Lookout Meno Ya Win Health Centre,Sioux Lookout Meno Ya Win Health Centre,Sioux Lookout,1 Meno Ya Win Way,1 chemin Meno Ya Win,P8T 1B4,ON,50.106023,-91.927950,North,Nord,16,Northwestern Health Unit,Bureau de santé publique du Nord-Ouest,1-807-737-5880,https://www.nwhu.on.ca/covid19/Pages/self-assessment.aspx,9:00-17:00,9:00-17:00,9:00-17:00,9:00-17:00,9:00-17:00,,Yes,No,Yes,,Yes,,,0m,Yes,No,,Yes,Located in the front parking lot of the hospital. A nurse will come outside to provide instructions. Stay in your car at all times.,Situé dans le stationnement avant de l’hôpital.,,Yes,,,,,
Yes,87,Smooth Rock Falls Hospital,Hôpital de Smooth Rock Falls,Smooth Rock Falls Hospital,Hôpital de Smooth Rock Falls,Smooth Rock Falls,107 Kelly Road,107 chemin Kelly,P0L 2B0,ON,49.272619,-81.610334,North,Nord,17,Porcupine Health Unit,Bureau de santé publique de Porcupine,705-338-2788,https://www.porcupinehu.on.ca/en/your-health/infectious-diseases/novel-coronavirus/covid-assessment-centres/,,9:00-11:00,9:00-11:00,9:00-11:00,,Yes,Yes,No,Yes,,Yes,,,2y,Yes,No,,Yes,Located in the garage attached to the hospital. A nurse will come outside to do the swab. Stay in your car at all times.,Situé dans le garage annexé à l’hôpital. Une infirmière viendra à l’extérieur prélever l’écouvillon. Les patients doivent rester en tout temps dans leur véhicule pour subir le test.,,Yes,,Yes,,,
Yes,88,Superior North EMS Community Paramedicine Program,Superior North EMS Community Paramedicine Program,Superior North EMS,Superior North EMS,Thunder Bay,105 Junot Avenue South,105 avenue Junot Sud,P7B 4X6,ON,48.444634,-89.254335,North,Nord,19,Thunder Bay District Health Unit,Bureau de santé du district de Thunder Bay,807-935-8100,https://www.tbdhu.com/coronavirus,7:00-19:00,7:00-19:00,7:00-19:00,7:00-19:00,7:00-19:00,,Yes,No,Yes,,Yes,7:00-19:00,7:00-19:00,0m,,,No,No,Mobile clinics and home visits. No in-centre testing. Drive through testing for surge capacity only.,,,No,,,,,
Yes,89,Temiskaming Hospital,Hôpital Temiskaming,Temiskaming Hospital,Hôpital Temiskaming,Temiskaming Shores,421 Shepherdson Road,421 chemin Shepherdson,P0J 1P0,ON,47.495213,-79.693163,North,Nord,1,Timiskaming Health Unit,Bureau de santé de Timiskaming,705-648-1844,,10:00-12:00&13:00-16:00,10:00-12:00&13:00-16:00,10:00-12:00&13:00-16:00,10:00-12:00&13:00-16:00,10:00-12:00&13:00-16:00,Yes,Yes,No,Yes,,Yes,,10:00-12:00,2y,Yes,No,,Yes,"Located at the north entrance (back of the hospital). Do not use the front entrance. For after hours, call hospital in advance for instructions. No walk-ins at emergency department.",Situé à l’entrée nord (à l’arrière de l’hôpital). Les patients ne doivent pas utiliser l’entrée avant.,,Yes,,Yes,,,
Yes,90,Thunder Bay Assessment Centre,Centre d'évaluation de Thunder Bay,Thunder Bay Regional Health Sciences Centre ,Centre régional des sciences de la santé de Thunder Bay,Thunder Bay,980 Oliver Road,980 chemin Oliver,P7B 6V4,ON,48.424784,-89.269319,North,Nord,19,Thunder Bay District Health Unit,Bureau de santé du district de Thunder Bay,807-935-8100,https://www.tbdhu.com/coronavirus,8:00-20:00,8:00-20:00,8:00-20:00,8:00-20:00,8:00-20:00,Yes,Yes,No,Yes,,Yes,8:00-20:00,8:00-20:00,13y,Yes,No,,Yes,Located outside the emergency department entrance. Check in with the nurse at the ambulance outside of the emergency department. ,,,Yes,,,,,
Yes,91,Timmins COVID-19 Assessment Centre,Centre d'évaluation de Timmins,Timmins and District Hospital,Hôpital de Timmins et du district,Timmins,651 Ross Avenue East,651 avenue Ross Est,P4N 8P2,ON,48.486008,-81.315668,North,Nord,17,Porcupine Health Unit,Bureau de santé publique de Porcupine,705-267-1993,https://www.porcupinehu.on.ca/en/your-health/infectious-diseases/novel-coronavirus/covid-assessment-centres/,8:30-12:00,8:30 - 16:30,8:30-12:00,8:30 - 16:30,8:30-12:00,Yes,Yes,No,,,,8:30-12:00,,,,,,,Call to schedule an appointment. No walk-ins at the Emergency Department.,,,,,,,,
Yes,92,"Weeneebayko General Hospital, Moose Factory",Weeneebayko General Hospital,Weeneebayko Area Health Authority,Weeneebayko Area Health Authority,Moose Factory,19 Hospital Drive,19 chemin Hospital,P0L 1W0,ON,51.250270,-80.616541,North,Nord,17,Porcupine Health Unit,Bureau de santé publique de Porcupine,1-877-658-9242,https://www.waha.ca/covid-19/,8:00-16:00,8:00-16:00,8:00-16:00,8:00-16:00,8:00-16:00,Yes,Yes,No,Yes,,Yes,,,2y,No,No,,No,Separate entrance,,Moose Cree First Nations,Yes,,Yes,,,
Yes,93,Fort Albany Hospital,Fort Albany Hospital,Weeneebayko Area Health Authority,Weeneebayko Area Health Authority,Fort Albany,5 Airport Road,5 chemin Airport,P0L 1H0,ON,52.206719,-81.684853,North,Nord,17,Porcupine Health Unit,Bureau de santé publique de Porcupine,705-336-2294 ext. 326,https://www.waha.ca/covid-19/,8:00-16:00,8:00-16:00,8:00-16:00,8:00-16:00,8:00-16:00,Yes,Yes,No,,,,,,,,,,,,,,,,,,,
Yes,94,Attawapiskat Hospital,Attawapiskat Hospital,Weeneebayko Area Health Authority,Weeneebayko Area Health Authority,Attawapiskat,972 Riverside East,972 Riverside Est,P0L 1A0,ON,52.922613,-82.425772,North,Nord,17,Porcupine Health Unit,Bureau de santé publique de Porcupine,705-336-2294 ext. 326,https://www.waha.ca/covid-19/,8:00-16:00,8:00-16:00,8:00-16:00,8:00-16:00,8:00-16:00,Yes,Yes,No,,,,,,,,,,,,,,,,,,,
Yes,95,Moosonee Health Centre,Moosonee Health Centre,Weeneebayko Area Health Authority,Weeneebayko Area Health Authority,Moosonee ,5 Percy's Way,5 chemin Percy's,P0L 1Y0,ON,51.271219,-80.650860,North,Nord,17,Porcupine Health Unit,Bureau de santé publique de Porcupine,705-336-2294 ext. 326,https://www.waha.ca/covid-19/,8:00-16:00,8:00-16:00,8:00-16:00,8:00-16:00,8:00-16:00,Yes,Yes,No,,,,,,,,,,,,,,,,,,,
Yes,96,Kashechewan Health Services,Kashechewan Health Services,Weeneebayko Area Health Authority,Weeneebayko Area Health Authority,Kashechewan,,,P0L 1S0,ON,0.000000,0.000000,North,Nord,17,Porcupine Health Unit,Bureau de santé publique de Porcupine,705-336-2294 ext. 326,https://www.waha.ca/covid-19/,8:00-16:00,8:00-16:00,8:00-16:00,8:00-16:00,8:00-16:00,Yes,Yes,No,,,,,,,,,,,,,,,,,,,
Yes,97,Peawanuck Nursing Station,Peawanuck Nursing Station,Weeneebayko Area Health Authority,Weeneebayko Area Health Authority,Peawanuck ,,,P0L 2H0,ON,0.000000,0.000000,North,Nord,17,Porcupine Health Unit,Bureau de santé publique de Porcupine,705-336-2294 ext. 326,https://www.waha.ca/covid-19/,8:00-16:00,8:00-16:00,8:00-16:00,8:00-16:00,8:00-16:00,Yes,Yes,No,,,,,,,,,,,,,,,,,,,
Yes,98,West Nipissing General Hospital,Hôpital général de Nipissing Ouest,West Nipissing General Hospital,Hôpital général de Nipissing Ouest,Sturgeon Falls,219 O'Hara Street,219 rue O'Hara,P2B 2Y6,ON,46.367086,-79.917254,North,Nord,21,North Bay Parry Sound District Health Unit,Bureau de santé du district de North Bay-Parry Sound,705-580-2186,https://www.myhealthunit.ca/en/health-topics/coronavirus.asp,12:00-16:00,12:00-16:00,,12:00-16:00,12:00-16:00,Yes,Yes,No,,,,,,,,,,,Located at Marcel Noel Hall - West Nipissing Complex.,Situé à la Salle communautaire Marcel Noël — complexe Nipissing Ouest.,,,,,,,
Yes,99,West Parry Sound Health Centre,West Parry Sound Health Centre,West Parry Sound Health Centre,West Parry Sound Health Centre,Parry Sound,"70 Joseph Street, Unit 105 & 106",70 rue Joseph,P2A 2G5,ON,45.359370,-80.042996,North,Nord,21,North Bay Parry Sound District Health Unit,Bureau de santé du district de North Bay-Parry Sound,705-746-4540 ext 5030,https://www.myhealthunit.ca/en/health-topics/coronavirus.asp,8:00-16:00,8:00-16:00,8:00-16:00,8:00-16:00,8:00-16:00,Yes,Yes,No,No,,Yes,8:00-16:00,8:00-16:00,6m,No,No,,Yes,"Located at the Parry Sound Mall, Unit 105 and 106. All patients must call for an appointment.  Please arrive at the back of the building and ring the door bell.  You may return to your car or step back 2 meters from the door and await a staff member to bring you in.","Situé dans le centre commercial de Parry Sound, locaux 105 et 106.",,Yes,,,,,
Yes,100,"North of Superior Health Group - McCausland, Terrace Bay ","North of Superior Health Group - McCausland, Terrace Bay ","North of Superior Health Group - McCausland, Terrace Bay ","North of Superior Health Group - McCausland, Terrace Bay ",Terrace Bay,20B Cartier Road,20B rue Cartier,P0T 2W0,ON,48.780226,-87.106507,North,Nord,19,Thunder Bay District Health Unit,Bureau de santé du district de Thunder Bay,807-825-3235,,10:00-12:00,10:00-12:00,10:00-12:00,10:00-12:00,,Yes,Yes,No,,,,,,,,,,,,,,,,,,,
Yes,101,Humber River Hospital Assessment Centre,Centre d'évaluation de l'Hôpital Humber River,Humber River Hospital,Hôpital Humber River,Toronto,2111 Finch Avenue West,2111 avenue Finch Ouest,M3N 1N1,ON,43.754813,-79.525921,Toronto,Toronto,22,Toronto Public Health,Bureau de santé de Toronto,416-747-6740,https://www.hrh.ca/covid-19/,10:00-18:00,10:00-18:00,10:00-18:00,10:00-18:00,10:00-18:00,,,Yes,No,,Yes,10:00-18:00,10:00-18:00,6m,No,No,,Yes,Use the west entrance only.,Les patients doivent uniquement utiliser l’entrée ouest.,,Yes,,,,,
Yes,102,Michael Garron Hospital - Emergency Department,Michael Garron Hospital - Emergency Department,Michael Garron Hospital,Hôpital Michael Garron,Toronto,825 Coxwell Avenue,825 avenue Coxwell,M4C 3E7,ON,43.689910,-79.324858,Toronto,Toronto,22,Toronto Public Health,Bureau de santé de Toronto,416-469-6858,https://www.tehn.ca/programs-services/covid-19-assessment-centre,00:00-00:00,00:00-00:00,00:00-00:00,00:00-00:00,00:00-00:00,,,Yes,No,,Yes,00:00-00:00,00:00-00:00,0m,Yes,Yes,Yes,Yes,Located in the Emergency Department off of Mortimer Avenue.,,,,,,,,
Yes,103,Michael Garron Hospital - Outpatient Clinic,Michael Garron Hospital - Outpatient Clinic,Michael Garron Hospital,Hôpital Michael Garron,Toronto,825 Coxwell Avenue,825 avenue Coxwell,M4C 3E7,ON,43.689910,-79.324858,Toronto,Toronto,22,Toronto Public Health,Bureau de santé de Toronto,416-469-6858,https://www.tehn.ca/programs-services/covid-19-assessment-centre,8:00-20:00,8:00-20:00,8:00-20:00,8:00-20:00,8:00-20:00,,,No,,,Yes,8:00-20:00,8:00-20:00,0m,No,No,Yes,Yes,"The entrance is located on the north side of the building off of Mortimer Avenue, west of the Emergency Department. It cannot be accessed from inside the hospital. ","Situé dans l’aile D, au 1er étage de l’hôpital (accès direct par l’avenue Mortimer, à l'ouest du services des urgences).",,,,,,,
,104,Market Place Temporary Assessment Centre,Market Place Temporary Assessment Centre,Michael Garron Hospital,Hôpital Michael Garron,Toronto,4 The Market Place,4 The Market Place,M4C 5M1,ON,43.695869,-79.292138,Toronto,Toronto,5,York Region Public Health Services,Bureau de santé publique de la région de York,416-469-6858,https://www.tehn.ca/programs-services/covid-19-assessment-centre,12:00-20:00,12:00-20:00,12:00-20:00,12:00-20:00,12:00-20:00,,,,,,,,,,,,,,,,,,,,,,
Yes,105,Mount Sinai Hospital,Hôpital Mount Sinai,Mount Sinai Hospital,Hôpital Mount Sinai,Toronto,600 University Avenue,600 avenue University,M5G 1X5,ON,43.657575,-79.390096,Toronto,Toronto,22,Toronto Public Health,Bureau de santé de Toronto,416-586-4800 ext. 4924 or 4893,https://www.sinaihealth.ca/covid19/,8:00-12:00,8:00-12:00,8:00-12:00,8:00-12:00,8:00-12:00,,,Yes,No,,Yes,,,18y,No,No,Yes,Yes,"Located on the ground floor in the Henneck Gallery, close to the Emergency Department.","Le centre sera au rez-de-chaussée dans la galerie Henneck, près du service des urgences.",,,,,,,
Yes,106,North York General Hospital - Branson,Hôpital général de North York - Branson,North York General Hospital - Branson,Hôpital général de North York - Branson,Toronto,555 Finch Avenue West,555 avenue Finch Ouest,M2R 1N5,ON,43.772477,-79.448125,Toronto,Toronto,22,Toronto Public Health,Bureau de santé de Toronto,416-756-6000,https://nygh.on.ca/covid-19-updates,8:00-19:00,8:00-19:00,8:00-19:00,8:00-19:00,8:00-19:00,,No,Yes,No,,Yes,8:00-19:00,8:00-19:00,0m,Yes,Yes,Yes,Yes,"Located at the north entrance, immediately off of Finch Avenue.","Situé à l’entrée nord, immédiatement en sortant de avenue Finch.",,,,,,,
Yes,107,North York General Hospital - Emergency Department,Hôpital général de North York - Département d'urgence,North York General Hospital,Hôpital général de North York,Toronto,4001 Leslie Street (Ambulance Bay),4001 rue Leslie (baie d'ambulance),M2K 1E1,ON,43.769147,-79.362744,Toronto,Toronto,22,Toronto Public Health,Bureau de santé de Toronto,,,08:00-20:00,08:00-20:00,08:00-20:00,08:00-20:00,08:00-20:00,,No,Yes,No,,Yes,08:00-20:00,08:00-20:00,0m,Yes,Yes,Yes,Yes,Located next to the Emergency Department in the converted Ambulance Bay.,,,,,,,,
Yes,108,Scarborough Health Network - Birchmount,Scarborough Health Network - Birchmount,Scarborough Health Network - Birchmount,Scarborough Health Network - Birchmount,Toronto,3030 Birchmount Road,3030 chemin Birchmount,M1W 3W3,ON,43.801819,-79.309055,Toronto,Toronto,22,Toronto Public Health,Bureau de santé de Toronto,416-495-2601 ,https://www.shn.ca/covid19-assess/,9:00-17:00,9:00-17:00,9:00-17:00,9:00-17:00,9:00-17:00,,,Yes,No,,Yes,9:00-17:00,9:00-17:00,6m,Yes,Yes,,Yes,"Testing is only at Birchmount and Centenary sites, not Scarborough General Hospital. Centre is next to the Emergency Department.","Le dépistage est offert uniquement aux emplacements de Birchmount et de Centenary, pas à l’Hôpital général de Scarborough.",,Yes,,,,,
Yes,109,Scarborough Health Network Centenary Site,Scarborough Health Network Centenary Site,Scarborough Health Network Centenary Site,Scarborough Health Network Centenary Site,Toronto,2867 Ellesmere Road,2867 chemin Ellesmere,M1E 4B9,ON,43.780444,-79.204560,Toronto,Toronto,22,Toronto Public Health,Bureau de santé de Toronto,416-495-2601 ,https://www.shn.ca/covid19-assess/,10:00-19:00,10:00-19:00,10:00-19:00,10:00-19:00,10:00-19:00,,,Yes,No,,Yes,10:00-19:00,10:00-19:00,6m,Yes,Yes,,Yes,"Testing is only at Birchmount and Centenary sites, not Scarborough General Hospital. Centre is nexto to the Emergency Department.","Le dépistage est offert uniquement aux emplacements de Birchmount et de Centenary, pas à l’Hôpital général de Scarborough.",,Yes,,,,,
Yes,110,Sunnybrook Health Sciences Centre,Sunnybrook Health Sciences Centre,Sunnybrook Health Sciences Centre,Sunnybrook Health Sciences Centre,Toronto,2075 Bayview Avenue,2075 avenue Bayview,M4N 3M5,ON,43.721782,-79.376026,Toronto,Toronto,22,Toronto Public Health,Bureau de santé de Toronto,,https://sunnybrook.ca/content/?page=novel-coronavirus-covid-19-assessment-centre,12:00-19:30,12:00-19:30,12:00-19:30,12:00-19:30,12:00-19:30,,,Yes,No,,No,12:00-17:00,12:00-17:00,16y,No,No,Yes,Yes,"Use the underground entrance only. The assessment centre can be accessed by the south driveway of Sunnybrook, past the Emergency department and located at U Wing.",Les patients doivent uniquement utiliser l’entrée souterraine.,,,,,,,
Yes,111,Toronto Western Hospital ,Hôpital Toronto Western ,UHN - Toronto Western Hospital ,UHN - Hôpital Toronto Western ,Toronto,347 Bathurst Street,337 rue Bathurst,M5T 2S7,ON,43.652594,-79.405856,Toronto,Toronto,22,Toronto Public Health,Bureau de santé de Toronto,,https://www.uhn.ca/Covid19,12:00-19:30,12:00-19:30,12:00-19:30,12:00-19:30,12:00-19:30,,,Yes,No,,Yes,12:00-19:30,12:00-19:30,1y,Yes,Yes,Yes,Yes,Located in the building on the north-east corner of Bathurst and Dundas.,Situé dans le bâtiment sur le coin nord-est de Bathurst et de Dundas.,,No,,,,,
Yes,112,St. Joseph's Health Centre ,St. Joseph's Health Centre ,Unity - St. Joseph's Health Centre (SJHC),Unity - St. Joseph's Health Centre (SJHC),Toronto,30 The Queensway,30 The Queensway,M6R 1B5,ON,43.640709,-79.450139,Toronto,Toronto,22,Toronto Public Health,Bureau de santé de Toronto,416-530-6720 ,https://unityhealth.to/patients-and-families/coronavirus-information-for-patients-and-families/,8:00-20:00,8:00-20:00,8:00-20:00,8:00-20:00,8:00-20:00,,,Yes,No,,Yes,8:00-20:00,8:00-20:00,1y,No,No,,Yes,Located on the main floor of the Sunnyside Building (use the east entrance off of Sunnyside Avenue).,"Situé dans l’édifice Sunnyside, entrée est du rez-de-chaussée sur l’avenue Sunnyside.",,Yes,,,,,
Yes,113,St Michael's Hospital ,St Michael's Hospital ,Unity - St Michael's Hospital (SMH),Unity - St Michael's Hospital (SMH),Toronto,209 Victoria Street,209 rue Victoria,M5B 1T8,ON,43.654721,-79.378662,Toronto,Toronto,22,Toronto Public Health,Bureau de santé de Toronto,416-864-5800,https://unityhealth.to/patients-and-families/coronavirus-information-for-patients-and-families/,8:30-18:00,8:30-18:00,8:30-18:00,8:30-18:00,8:30-18:00,,,Yes,No,Yes,Yes,12:00-18:00,12:00-18:00,6m,No,No,Yes,Yes,Located in the Li Ka Shing Knowledge Institute. Enter at the Shuter Street entrance near Bond Steet (north-east corner of the building). ,"Situé au Li Ka Shing Knowledge Institute. L’entrée se fait la rue Shuter, près de la rue Bond (coin nord-est du bâtiment).",,,,,,,
Yes,114,Women's College Hospital,Women's College Hospital,Women's College Hospital,Women's College Hospital,Toronto,76 Grenville Street,76 rue Grenville,M5S 1B2,ON,43.661634,-79.387628,Toronto,Toronto,22,Toronto Public Health,Bureau de santé de Toronto,,https://www.womenscollegehospital.ca/patients-and-caregivers/coronavirus-(covid-19)-information-for-patients-and-visitors/,9:00-17:00,9:00-17:00,9:00-17:00,9:00-17:00,9:00-17:00,,Yes,Yes,No,Yes,Yes,9:00-17:00,9:00-17:00,0m,No,No,Yes,Yes,There are two separate entrances specifically for COVID testing. One is for walk-ins and one is for Fast Track testing for people who pre-register.,Veuillez utiliser l’entrée nord-est située sur la rue Grosvenor.,,,,,,,
Yes,115,Twin Bridges Nurse Practitioner Clinic,Twin Bridges Nurse Practitioner Clinic,Bluewater Health Sarnia,Bluewater Health Sarnia,Sarnia,153 Christina Street South,153 rue Christina,N7T 2M0,ON,42.968947,-82.408908,West,Ouest,23,Lambton Health Unit,Bureau de santé de Lambton,226-776-9030,https://lambtonpublichealth.ca/2019-novel-coronavirus/testing-criteria/,16:00-20:00,16:00-20:00,16:00-20:00,16:00-20:00,9:00-14:00,,,,,,,,,,,,,,Use the D-wing entrance point.,L’entrée se fait au point d’entrée de l’aile D.,,,,,,,
Yes,116,Brant Community Healthcare System,Brant Community Healthcare System,Brant Community Healthcare System,Brant Community Healthcare System,Brantford,200 Terrace Hill Street,200 rue Terrace Hill,N3R 1G9,ON,43.152517,-80.276360,West,Ouest,24,Brant County Health Unit,Bureau de santé du comtè de Brant,519-751-5818,,8:00-16:00,8:00-16:00,8:00-16:00,8:00-16:00,8:00-16:00,,Yes,Yes,No,,Yes,8:00-16:00,8:00-16:00,0m,No,No,,Yes,Enter at the D-wing entrance. Walk-ins are accepted but appointments are preferred. ,,,Yes,,,,,
Yes,117,Cambridge Assessment Centre,Centre d'èvaluation de Cambridge,Cambridge Memorial Hospital,Hôpital Memorial de Cambridge,Cambridge,700 Coronation Boulevard ,700 boul. Coronation,N1R 3G2,ON,43.377891,-80.327434,West,Ouest,25,"Region of Waterloo, Public Health",Bureau de santé publique de la région de Waterloo,519-621-2333 ext 2689,,8:30-20:30,8:30-20:30,8:30-20:30,8:30-20:30,8:30-20:30,,Yes,No,Yes,,No,8:30-16:30,8:30-16:30,1y,No,No,,Yes,Park in Lot 4 in front of C-wing (there are also 3 designated spots across from the centre's door). Drive-through only when demand is very high (except if you use a mobility device) for asymptomatic patients only.  Services are offered in French upon request.,Utilisez le stationnement 4 devant l’aile C. Il y a aussi 3 places désignées en face de la porte du centre.,,Yes,,,8:30-16:30,cmhcovidtesting@cmh.org,
Yes,118,Chatham-Kent Health Alliance,Alliance Chatham-Kent pour la santé,Chatham-Kent Health Alliance,Alliance Chatham-Kent pour la santé,Chatham,47 Emma Street,47 rue Emma,N7L 1A6,ON,42.406531,-82.191812,West,Ouest,26,Chatham-Kent Health Unit,Bureau de santé de Chatham-Kent,519-352-6400 ext. 6548,,9:00-16:20,9:00-16:20,9:00-16:20,9:00-16:20,9:00-16:20,Yes,,,,,,9:00-16:20,9:00-16:20,0m,,,,,,,,,,,,,
Yes,119,Erie Shores Healthcare,Erie Shores Healthcare,Erie Shores Healthcare,Erie Shores Healthcare,Leamington,194 Talbot Street West,194 rue Talbot Ouest,N8H 1N9,ON,42.048807,-82.614178,West,Ouest,27,Windsor-Essex County Health Unit,Bureau de santé du comtè de Windsor-Essex,519-326-2373 ext. 4263,,8:00-18:00,8:00-18:00,8:00-18:00,8:00-18:00,8:00-18:00,,No,Yes,No,,Yes,8:00-18:00,8:00-18:00,1y,No,No,Yes,No,Blue assessment centre signage directs persons to spearate entrance. Spanish speaking intepreter will be joining the team in the near future. ,,,,,,,,
,120,Goderich Columbus Banquet Hall,Goderich Columbus Banquet Hall,"Maitland Valley Family Health Team, Alexandra Marine and General Hospital, Huron Perth Public Health","Maitland Valley Family Health Team, Alexandra Marine and General Hospital, Huron Perth Public Health",Goderich,390 Parsons Court,390 Parsons Court,N7A 4K3,ON,43.730283,-81.695605,West,Ouest,28,Huron Perth Health Unit,Bureau de santé de Huron Perth,519 524 6060 ext. 263,https://www.hpph.ca/en/news/coronavirus-covid19-update.aspx#Testing-tracing-and-results-for-COVID-19,10:00-16:00,10:00-16:00,10:00-16:00,10:00-16:00,10:00-16:00,,Yes,No,Yes,,Yes,,,0m,No,No,,No,Stay in your car and drive up to the underpass. Do not leave your car.,Situé dans la salle des Chevaliers de Colomb.,,Yes,,,Closed ,,Yes
,121,Grand River Hospital COVID-19 Testing Centre,Grand River Hospital COVID-19 Testing Centre,Grand River Hospital ,Hôpital Grand River,Kitchener,835 King Street West,835 rue King Ouest,N2G 1G3,ON,43.456239,-80.511992,West,Ouest,25,"Region of Waterloo, Public Health",Bureau de santé publique de la région de Waterloo,519-749-4300 ext. 6824,https://www.smgh.ca/covid-19-testing-available-for-k-w-residents-with-symptoms-starting-may-16/,7:30-18:30,7:30-18:30,7:30-18:30,7:30-18:30,7:30-18:30,,,,,,,7:30-18:30,7:30-18:30,,,,,,Permanently closed,,,,,,,,Yes
Yes,122,Grand River Hospital - Drive Thru COVID-19 Assessment Center,Grand River Hospital - Drive Thru COVID-19 Assessment Center,Grand River Hospital - Drive Thru COVID-19 Assessment Center,Grand River Hospital - Drive Thru COVID-19 Assessment Center,Kitchener,131 Glasgow Street,131 rue Glasgow,N2G 2G9,ON,43.451987,-80.513943,West,Ouest,25,"Region of Waterloo, Public Health",Bureau de santé publique de la région de Waterloo,,,7:30-17:30,7:30-17:30,7:30-17:30,7:30-17:30,7:30-17:30,,No,Yes,Yes,,Yes,7:30-17:30,7:30-17:30,2y,No,No,,Yes,Bring your health card if you have one.,,,Yes,,,,,
Yes,123,Grey Bruce Health Services - Owen Sound,Grey Bruce Health Services - Owen Sound,Grey Bruce Health Services - Owen Sound,Grey Bruce Health Services - Owen Sound,Owen Sound,1800 8th Street East,1800 8e rue Est,N4K 6M0,ON,44.567422,-80.912233,West,Ouest,29,Grey Bruce Health Unit,Bureau de santé de Grey Bruce,519-378-1466,https://www.gbhs.on.ca/covid-19/,12:00-20:00,12:00-20:00,12:00-20:00,12:00-20:00,12:00-20:00,,Yes,Yes,No,,Yes,,,6m,Yes,Yes,,Yes,Located in the portable facility outside the entrance of the Owen Sound Hospital Emergency Department.,Situé dans la installation mobile juste à l’extérieur de l’entrée du service des urgences du Owen Sound Hospital.,,Yes,,,,,
Yes,124,Guelph General Hospital / Victoria Road Recreation Centre,Guelph General Hospital / Victoria Road Recreation Centre,Guelph General Hospital,Hôpital général de Guelph,Guelph,151 Victoria Road North,151 chemin Victoria Nord,N1E 5H5,ON,43.563486,-80.239575,West,Ouest,4,Wellington-Dufferin-Guelph Health Unit,Bureau de santé de Wellington-Dufferin-Guelph,,https://www.wdgpublichealth.ca/your-health/covid-19-information-public/assessment-centres-wdg,8:00-20:00,8:00-20:00,8:00-20:00,8:00-20:00,8:00-20:00,,,,,,,9:00-16:00,9:00-16:00,,,,,,"Located in the Victoria Road Recreation Centre (south of Eastview Road, north of Grange Road).","Situé dans Victoria Road Recreation Centre (au sud du chemin Eastview, au nord du chemin Grange).",,,,,9:00-16:00,,
Yes,125,Dave Andreychuk Mountain Arena Assessment Centre,Dave Andreychuk Mountain Arena Assessment Centre,Hamilton Family Health Team,Hamilton Family Health Team,Hamilton,25 Hester Street,26 rue Hester,L9A 2N3,ON,43.225590,-79.880934,West,Ouest,30,Hamilton Public Health Services,Services de santé publique d'Hamilton,905-974-9848,https://www.hamilton.ca/coronavirus/assessment-centres,10:00-16:00,10:00-16:00,10:00-16:00,10:00-16:00,10:00-16:00,,Yes,No,Yes,No,Yes,10:00-16:00,10:00-16:00,4y,No,No,,Yes,,,,Yes,,,Closed ,,
Yes,126,Hamilton Health Sciences,Hamilton Health Sciences,Hamilton Health Sciences ,Hamilton Health Sciences ,Hamilton,690 Main Street West,690 rue Main Ouest,L8S 1A4,ON,43.260440,-79.897864,West,Ouest,30,Hamilton Public Health Services,Services de santé publique d'Hamilton,905-974-9848,https://www.hamilton.ca/coronavirus/assessment-centres,11:00-17:00,11:00-17:00,11:00-17:00,11:00-17:00,11:00-17:00,,Yes,,,,,9:00-17:00,11:00-17:00,,,,,,,,,,,,9:00-17:00 ,,
Yes,127,Hanover and District Hospital,Hôpital de Hanover et du district,Hanover and District Hospital,Hôpital de Hanover et du district,Hanover,90 7th Avenue,90 7e avenue,N4N 2G9,ON,44.141506,-81.029323,West,Ouest,29,Grey Bruce Health Unit,Bureau de santé de Grey Bruce,,https://www.sbghc.on.ca/coronavirus/assessment-centres,12:30-16:30,12:30-16:30,12:30-16:30,12:30-16:30,12:30-16:30,,,Yes,No,,Yes,,,0m,Yes,Yes,,Yes,There is a separate entrance and further instructions provided upon arrival. ,"Situé dans la tente à l’avant de l’hôpital, sous le toit-abri de l’entrée principale. Les patients demeureront dans leurs voitures.",,Yes,,,Closed,,
Yes,128,Joseph Brant Hospital,Joseph Brant Hospital,Joseph Brant Hospital,Joseph Brant Hospital,Burlington ,1245 Lakeshore Blvd,1245 boulevard Lakeshore,L7S 0A2,ON,43.317101,-79.802344,West,Ouest,3,Halton Region Health Department,Service de santé de la région d'Halton,"905-632-3737, ext. 6550",https://www.halton.ca/For-Residents/New-Coronavirus#03,8:00-19:00,8:00-19:00,8:00-19:00,8:00-19:00,8:00-19:00,,Yes,No,Yes,,Yes,8:00-19:00,8:00-19:00,1y,Yes,Yes,,Yes,"separate enterance, await in car until called to come to clinic. Drive thru clients remain in car",,,Yes,,,Closed ,,
Yes,129,Listowel Memorial Hospital Testing Centre,Listowel Memorial Hospital Testing Centre,Listowel Memorial Hospital,Listowel Memorial Hospital,Listowel,255 Elizabeth Street East,255 rue Elizabeth Est,N4W 2P5,ON,43.733600,-80.948919,West,Ouest,28,Huron Perth Health Unit,Bureau de santé de Huron Perth,519-292-2133,https://lwha.ca/covid-19-up-to-date-information-you-need-to-know/,14:00-19:00,14:00-19:00,14:00-19:00,14:00-19:00,14:00-19:00,,Yes,No,No,,Yes,14:00-19:00,,0m,No,No,Yes,No,No main entrance to facility. You will be screened and then will go to registration.,Situé dans le bâtiment directement en face de l’hôpital. Un stationnement est disponible directement en face du bâtiment.,,,,,Closed ,,
Yes,130,Oakridge Arena,Oakridge Arena,London Health Sciences / St. Joseph's Healthcare London / Middlesex PHU,London Health Sciences / St. Joseph's Healthcare London / Middlesex PHU,London,825 Valetta Street,825 rue Valetta,N6H 2Z2,ON,42.975279,-81.305895,West,Ouest,31,Middlesex-London Health Unit,Bureau de santé de Middlesex-London,,https://www.healthunit.com/covid-19-concerns,9:00-17:00,9:00-17:00,9:00-17:00,9:00-17:00,9:00-17:00,,,,,,,,,,,,,,,,,,,,,,
Yes,131,Rural Wellington Assessment Centre / Mount Forest & District Sports Complex ,Rural Wellington Assessment Centre / Mount Forest & District Sports Complex ,Mount Forest Family Health Team,Mount Forest Family Health Team,Mount Forest,850 Princess Street,850 rue Princess,N0G 2L3,ON,43.973529,-80.745876,West,Ouest,4,Wellington-Dufferin-Guelph Health Unit,Bureau de santé de Wellington-Dufferin-Guelph,519-323-0255 ext. 5082,https://www.wdgpublichealth.ca/your-health/covid-19-information-public/assessment-centres-wdg,10:00-18:00,,10:00-18:00,,10:00-18:00,,Yes,Yes,No,,Yes,,,2y,No,No,,Yes,Enter at the main entrance. Clients with appointments will be served prior to drop-ins.,,,Yes,,,Closed ,,
Yes,132,Niagara Health Greater Niagara General Site,Niagara Health Greater Niagara General Site,Niagara Health Greater Niagara General Site,Niagara Health Greater Niagara General Site,Niagara Falls,5673 North Street,5673 rue North,L2G 1J4,ON,43.094159,-79.088878,West,Ouest,32,Niagara Region Public Health Department,Service de santé publique régionale de Niagara,905-378-4647 ext 42819,https://www.niagarahealth.on.ca/site/news/2020/03/24/niagara-healths-covid-19-assessment-centres ,9:00-17:00,9:00-17:00,9:00-17:00,9:00-17:00,9:00-17:00,,Yes,,,,,9:00-17:00,9:00-17:00,,,,,,,,,,,,Closed ,,
Yes,133,Niagara Health St. Catharines Site,Niagara Health St. Catharines Site,Niagara Health St. Catharines Site,Niagara Health St. Catharines Site,St. Catharines,1200 Fourth Avenue,1200 4e avenue,L2S 0A9,ON,43.153843,-79.278522,West,Ouest,32,Niagara Region Public Health Department,Service de santé publique régionale de Niagar,905-378-4647 ext 42819,https://www.niagarahealth.on.ca/site/news/2020/03/24/niagara-healths-covid-19-assessment-centres ,9:00-17:00,9:00-17:00,9:00-17:00,9:00-17:00,9:00-17:00,,Yes,,,,,9:00-17:00,9:00-17:00,,,,,,,,,,,,Closed,,
Yes,134,Rural Lambton Assessment Center,Rural Lambton Assessment Center,Bluewater Health,Bluewater Health,Petrolia,"4130 Glenview Road, Unit 3",4130 hemin Glenview,N0N 1R0,ON,42.877325,-82.148468,West,Ouest,23,Lambton Health Unit,Bureau de santé de Lambton,519-882-2500,https://lambtonpublichealth.ca/2019-novel-coronavirus/testing-criteria/,13:30-16:30,13:30-16:30,13:30-16:30,13:30-16:30,13:30-16:30,,Yes,No,Yes,,Yes,9:00-12:00,,0m,No,No,,No,,,,Yes,,,,,
Yes,135,Six Nations COVID-19 Assessment & Drive-Through Test Centre,Six Nations COVID-19 Assessment & Drive-Through Test Centre,Restricted to Six Nations members and providers only ,Accès réservé uniquement aux membres et aux fournisseurs des Six Nations,Ohsweken,1738 Fourth Line Road,1738 chemin Fourth Line,N0A 1M0,ON,43.069122,-80.122986,West,Ouest,35,,,,,8:00-20:00,8:00-20:00,8:00-20:00,8:00-20:00,8:00-20:00,,,,,,,8:00-20:00,8:00-20:00,,,,,,,,Six Nations of the Grand River,,,,Closed ,,
Yes,136,South Bruce Grey Health Centre - Kincardine Campus,South Bruce Grey Health Centre - Kincardine Campus,South Bruce Grey Health Centre,South Bruce Grey Health Centre,Kincardine,1199 Queen Street,1199 rue Queen,N2Z 1J4,ON,44.189085,-81.625465,West,Ouest,29,Grey Bruce Health Unit,Bureau de santé de Grey Bruce,519-370-2400 ext 4313,https://www.sbghc.on.ca/coronavirus/assessment-centres,12:00-16:00,12:00-16:00,12:00-16:00,12:00-16:00,12:00-16:00,,,Yes,Yes,,Yes,,,0m,Yes,No,,Yes,"Signage at the hospital driveway and parking area indicates which route to follow to access the assessment centre. Drive-through only, people are to remain in their car. ",,,Yes,,,Closed ,,
south ,137,South Huron and Grand Bend Assessment Centre,South Huron and Grand Bend Assessment Centre,South Huron Hospital Association – Grand Bend and Area CHC,South Huron Hospital Association ‚ Grand Bend and Area CHC,Grand Bend,69 Main Street East,69 rue Main Est,N0M 1T0,ON,43.343664,-81.480958,West,Ouest,28,Huron Perth Health Unit,Bureau de santé de Huron Perth,519-238-2362,https://lambtonpublichealth.ca/2019-novel-coronavirus/testing-criteria/,13:30-16:00,13:30-16:00,13:30-16:00,13:30-16:00,13:30-16:00,,Yes,,Yes,,Yes,,,0m,No,No,,No,Drive into parking lot. Park in the west parking spaces close to the fenced area. You will get instructions in-person on when to drive up to the test site.,Allez dans le stationnement. Stationnez-vous dans le stationnement Ouest près de la zone clôturée. On vous indiquera à quel moment vous diriger en voiture vers l’emplacement où sont effectués les tests.,,Yes,,,Closed ,,
Yes,138,St. Joseph's Healthcare Hamilton - East End,St. Joseph's Healthcare Hamilton - East End,St. Joseph's Healthcare Hamilton - East End,St. Joseph's Healthcare Hamilton - East End,Hamilton,2757 King Street East,2757 rue King Est,L8G 5E4,ON,43.221800,-79.774373,West,Ouest,30,Hamilton Public Health Services,Services de santé publique d'Hamilton,905-974-9848,https://www.hamilton.ca/coronavirus/assessment-centres,16:00-20:00,16:00-20:00,16:00-20:00,16:00-20:00,16:00-20:00,,,Yes,No,,Yes,10:00-14:00,10:00-14:00,0m,No,No,Yes,Yes,Separate entrance with screener at the door. ,,,,,,10:00-14:00,,
Yes,139,Carling Heights Optimist Community Centre,Carling Heights Optimist Community Centre,St. Joseph's Healthcare London and London Health Sciences Centre,St. Joseph's Healthcare London and London Health Sciences Centre,London,656 Elizabeth Street,656 rue Elizabeth,N5Y 6L3,ON,42.998736,-81.228895,West,Ouest,31,Middlesex-London Health Unit,Bureau de santé de Middlesex-London,,https://www.healthunit.com/covid-19-concerns,11:00-19:00,11:00-19:00,11:00-19:00,11:00-19:00,11:00-19:00,,,Yes,No,,Yes,11:00-19:00,11:00-19:00,0m,Yes,No,,Yes,,,,Yes,,,,,
Yes,140,Kitchener-Waterloo-Wilmot-Wellesley-Woolwich (KW4) COVID-19 Assessment Centre - Westmount Plaza,Kitchener-Waterloo-Wilmot-Wellesley-Woolwich (KW4) COVID-19 Assessment Centre - Westmount Plaza,St. Mary's General Hospital and Westmount Place Walk-In Clinic ,St. Mary's General Hospital and Westmount Place Walk-In Clinic ,Waterloo,50 Westmount Road North,50 chemin Westmount Nord,N2L 6J7,ON,43.461280,-80.537704,West,Ouest,25,"Region of Waterloo, Public Health",Bureau de santé publique de la région de Waterloo,1-855-414-2255,,9:00-16:00,9:00-16:00,9:00-16:00,9:00-16:00,9:00-16:00,,Yes,No,No,,Yes,,,6m,No,No,,Yes,Call ahead to arrange an appointment.,,,Yes,,,Closed ,,
Yes,141,St. Mary's General Hospital - Bathurst Site,Hôpital général St. Mary - Site Bathurst,St. Mary's General Hospital Cardiac Rehabilitation Centre,Hôpital général St. Mary - Centre de réadaptation cardiaque,Waterloo,"50 Bathurst Drive, Unit 1","50 allée Bathurst, 1",N2V 2C5,ON,43.507454,-80.538638,West,Ouest,25,"Region of Waterloo, Public Health",Bureau de santé publique de la région de Waterloo,519-885-9517,https://www.smgh.ca/covid-19-testing-available-for-k-w-residents-with-symptoms-starting-may-16/,9:00-17:00,9:00-17:00,9:00-17:00,9:00-17:00,9:00-17:00,,Yes,Yes,No,,Yes,9:00-17:00,9:00-17:00,0m,No,No,,Yes,,,,Yes,,,,,
Yes,142,St. Thomas Elgin General Hospital,Hôpital général de St. Thomas-Elgin,St. Thomas Elgin General Hospital,Hôpital général de St. Thomas-Elgin,St. Thomas,189 Elm Street ,189 rue Elm ,N5R 5C4,ON,42.763425,-81.180145,West,Ouest,33,Southwestern Public Health,Bureau de santé publique du Sud-Ouest,519-631-2030 ext. 6210,https://www.stegh.on.ca/node/626,8:00-18:00,8:00-18:00,8:00-18:00,8:00-18:00,8:00-18:00,,Yes,No,No,Yes,,8:00-18:00,8:00-18:00,0m,,,,,,,,Yes,,,,,
Yes,143,Tillsonburg District Memorial Hospital,Tillsonburg District Memorial Hospital,Tillsonburg District Memorial Hospital,Tillsonburg District Memorial Hospital,Tillsonburg,17 Bear Street,17 rue Bear,N4G 1V4,ON,42.863656,-80.733757,West,Ouest,33,Southwestern Public Health,Bureau de santé publique du Sud-Ouest,,,8:00-16:00,8:00-16:00,8:00-16:00,8:00-16:00,8:00-16:00,,Yes,No,No,,Yes,,,0m,No,No,,No,Please call to schedule an appointment. Located in another building (not the hospital). There is front entrance and back exit for persons to follow to maintain a one-way flow through the building. Interpreter services can be arranged if known at the time of booking. Urgent bookings for symptomatic persons are available for same day.,,,Yes,,,,,
Yes,144,West Haldimand General Hospital,Hôpital général de Haldimand-Ouest,West Haldimand General Hospital,Hôpital général de Haldimand-Ouest,Hagersville,75 Parkview Road,75 chemin Parkview,N0A 1H0,ON,42.959342,-80.041081,West,Ouest,34,Haldimand-Norfolk Health Unit,Bureau de santé de Haldimand-Norfolk,905-768-3311 Ext. 1113,https://www.whgh.ca/,9:00-15:00,9:00-15:00,9:00-15:00,9:00-15:00,9:00-15:00,,Yes,,,,,,,,,,,,Located at the main doors of the building. Do not leave your car. Staff will come to you.,Situé à la porte principale du bâtiment. Ne sortez pas de votre véhicule. Un membre du personnel viendra vous voir.,,,,,,,
Yes,145,Windsor Regional Hospital - Ouellette Campus,Hôpital régional de Windsor - Campus Ouellette,Windsor Regional Hospital - Ouellette Campus,Hôpital régional de Windsor - Campus Ouellette,Windsor,1030 Ouellette Avenue,1030 avenue Ouellette,N9A 1E1,ON,42.309167,-83.031869,West,Ouest,27,Windsor-Essex County Health Unit,Bureau de santé du comtè de Windsor-Essex,519-254-5577,https://www.wrh.on.ca/coronavirus,8:00-19:00,8:00-19:00,8:00-19:00,8:00-19:00,8:00-19:00,,,Yes,No,,Yes,9:00-16:00,9:00-16:00,0m,Yes,Yes,,Yes,Located immediately south of the Emergency Department on Goyeau Street.,Situé immédiatement au sud du service des urgences sur la rue Goyeau.,,Yes,,,9:00-16:00,,
Yes,146,Woodstock General Hospital ,Hôpital général de Woodstock,Woodstock General Hospital ,Hôpital général de Woodstock,Woodstock,310 Juliana Drive,310 chemin Juliana,N4V 0A4,ON,43.106722,-80.753799,West,Ouest,33,Southwestern Public Health,Southwestern Public Health,1-855-905-6148,https://www.wgh.on.ca/,10:00-20:00,10:00-20:00,10:00-20:00,10:00-20:00,10:00-20:00,,Yes,No,No,Yes,Yes,10:00-20:00,10:00-20:00,0m,No,No,,Yes,Located in the trailer by the front entrance of the hospital. Parking is in the hospital visitor lot. You will be given all instructions at the time of your appointment booking. ,Situé dans la roulotte à l’entrée avant de l’hôpital. Stationnez-vous dans le stationnement des visiteurs de l’hôpital.,,Yes,,,,,
Yes,147,Stratford General Hospital,Stratford General Hospital,Stratford General Hospital,Stratford General Hospital,Stratford,46 General Hospital Drive,46 allée General Hospital,N5A 2Y6,ON,43.3681840,-80.9954920,West,Ouest,28,Huron Perth Health Unit,Bureau de santé de Huron Perth,519-272-8210 ext 2747,,10:30-21:30,10:30-21:30,10:30-21:30,10:30-21:30,10:30-21:30,,Yes,No,Yes,,Yes,,,2y,Yes,No,,Yes,Drive-through by appointment only. Clients should bring their health card. French language services available upon request when booking the appointment.,,,Yes,,,,,
Yes,148,Niagara Health - Welland Hospital Site (WHS),Santé de Niagara - Hôpital de Welland,Niagara Health,Santé de Niagara,Welland,65 Third Street,"65, Troisième rue",L3B 4W6,ON,42.979233,-79.249210,West,Ouest,32,Niagara Region Public Health Department,,905-378-4647 ext 42819,https://www.niagarahealth.on.ca/site/news/2020/05/25/niagara-health-expands-testing-at-assessment-centres,9:00-17:00,,9:00-17:00,,9:00-17:00,,Yes,Yes,,,,,,,,,,,Patients are encouraged to call the centre for an appointment and instructions on how to access the centre. Dedicated parking spots can be accessed from MacLean Place and Plymouth Road. Walk-ins are accepted until 16:30 on days of operation. ,Nous encourageons les patients à téléphoner au centre pour prendre rendez-vous et obtenir des directives sur la façon d'accéder au centre. ll est possible d'avoir accès à des places de stationnement réservées à partir de Place MacLean et du chemin Plymouth. Les consultations sans rendez-vous sont acceptées jusqu'à 16 h 30 durant les jours d'ouverture. ,,,,,Closed,,
No,149,Killaloe - Killaloe Curling Club/Renfrew County Virtual Triage and Assessment Centre,Killaloe - Club de curling de Killaloe/Centre virtuel de triage et d'évaluation du comté de Renfrew,Arnprior Regional Health,Arnprior Regional Health,Killaloe,34 Cameron Street,"34, rue Cameron",K0J 2A0,ON,45.558080,-77.415574,East,Est,14,Renfrew County and District Health Unit,,1-844-727-6404,,,,,14:00-15:30,,,,,,Yes,,,,0m,,,,,Call ahead and have your OHIP card ready. A medical receptionist will take your details and arrange for a physician or nurse practitioner to contact you via telephone. Areas of focus are patients without a family physician and those with potential COVID.,Téléphonez à l'avance et ayez votre carte Santé à portée de la main. Un ou une réceptionniste médical-e prendra en note vos renseignements et veillera à ce qu'un médecin ou un membre du personnel infirmier communique avec vous par téléphone. La priorité est accordée aux patients sans médecin de famille et à ceux possiblement atteints de la COVID.,,,,,,,
Yes,150,Royal Victoria Regional Health Centre - Clinic C,Centre régional de santé Royal Victoria - Clinique C,Royal Victoria Regional Health Centre,Centre régional de santé Royal Victoria,Barrie,201 Georgian Drive,"201, allée Georgian",L4M 6M2,ON,44.415558,-79.662470,Central,Centre,,Simcoe Muskoka District Health Unit,,,https://www.rvh.on.ca/SitePages/coronavirus.aspx,8:00-20:00,8:00-20:00,8:00-20:00,8:00-20:00,8:00-20:00,,,Yes,Yes,Yes,Yes,8:00-20:00,8:00-20:00,6m,Yes,Yes,Yes,Yes,Please arrive to atrium entrance and remain in your car. For pedestrian traffic please walk up and sit on the bench. This clinic is for people that are asymptomatic but want to be tested.,"Veuillez vous présenter à l'entrée de l'atrium et demeurer dans votre voiture. Pour les piétons, veuillez vous avancer jusqu'au banc et vous asseoir. Cette clinique est à l'intention des personnes asymptomatiques qui désirent subir un test de dépistage.",,,,,,,
Yes,151,North Durham COVID-19 Assessment Centre,,Medical Associates of Port Perry and Uxbridge Family Health Center,,Port Perry,19 Jeffery Street,,L9L 1Z4,ON,44.086166,-78.953206,East,Est,,Durham Region Health Department,,,https://www.lakeridgehealth.on.ca/en/patientsandvisitors/novel-coronavirus-2019-ncov.asp,12:00-20:00,12:00-20:00,12:00-20:00,12:00-20:00,12:00-16:00,,,,,,,12:00-16:00,12:00-16:00,,,,,,Register at the website provided.,,,,,,,,
Yes,152,Goderich Assessment Centre,Goderich Assessment Centre,"Maitland Valley Family Health Team, Alexandra Marine and General Hospital, Huron Perth Public Health","Maitland Valley Family Health Team, Alexandra Marine and General Hospital, Huron Perth Public Health",Goderich,185 Keays Street,"185, rue Keays",N7A 3N4,ON,43.736945,-81.711951,West,Ouest,28,Huron Perth Health Unit,Bureau de santé de Huron Perth,519 524 6060 ext. 263,https://www.hpph.ca/en/news/coronavirus-covid19-update.aspx#Testing-tracing-and-results-for-COVID-19,10:00-16:00,10:00-16:00,10:00-16:00,10:00-16:00,10:00-16:00,,Yes,No,Yes,,Yes,,,0m,No,No,,No,Stay in your car and drive up to the underpass. Do not leave your car.,,,Yes,,,Closed ,,
Yes,153,Garnet B. Rickard Recreation Complex,Garnet B. Rickard Recreation Complex,Lakeridge Health,Lakeridge Health,Bowmanville,2440 Durham Region Highway 2,,L1C 3K2,ON,43.912289,-78.703852,East,Est,,Durham Region Health Department,,,,8:00-12:00&12:30-16:00 ,8:00-12:00&12:30-16:00 ,8:00-12:00&12:30-16:00 ,8:00-12:00&12:30-16:00 ,8:00-12:00&12:30-16:00 ,,,,,,,,,,,,,,"Enter through West entrance sliding doors, and follow directions to Main Function Hall through the right side hallway. Closed Wednesday, August 26.",,,,,,,,
